"fecha","linea","n"
2021-01-01,"BSAS_LINEA_203",20189
2021-01-01,"BSAS_LINEA_501G",25760
2021-01-01,"FFCC ROCA",25576
2021-01-01,"FFCC SAR",4049
2021-01-02,"BSAS_LINEA_203",45369
2021-01-02,"BSAS_LINEA_501G",62508
2021-01-02,"FFCC ROCA",112401
2021-01-02,"FFCC SAR",37131
2021-01-03,"BSAS_LINEA_203",38578
2021-01-03,"BSAS_LINEA_501G",42808
2021-01-03,"FFCC ROCA",58265
2021-01-03,"FFCC SAR",13465
2021-01-04,"BSAS_LINEA_203",69258
2021-01-04,"BSAS_LINEA_501G",94183
2021-01-04,"FFCC ROCA",231781
2021-01-04,"FFCC SAR",124880
2021-01-05,"BSAS_LINEA_203",68506
2021-01-05,"BSAS_LINEA_501G",101061
2021-01-05,"FFCC ROCA",233965
2021-01-05,"FFCC SAR",126548
2021-01-06,"BSAS_LINEA_203",70657
2021-01-06,"BSAS_LINEA_501G",101809
2021-01-06,"FFCC ROCA",237354
2021-01-06,"FFCC SAR",125750
2021-01-07,"BSAS_LINEA_203",72219
2021-01-07,"BSAS_LINEA_501G",100765
2021-01-07,"FFCC ROCA",239248
2021-01-07,"FFCC SAR",113738
2021-01-08,"BSAS_LINEA_203",73470
2021-01-08,"BSAS_LINEA_501G",105087
2021-01-08,"FFCC ROCA",258180
2021-01-08,"FFCC SAR",115753
2021-01-09,"BSAS_LINEA_203",56272
2021-01-09,"BSAS_LINEA_501G",87168
2021-01-09,"FFCC ROCA",146323
2021-01-09,"FFCC SAR",40771
2021-01-10,"BSAS_LINEA_203",39878
2021-01-10,"BSAS_LINEA_501G",48499
2021-01-10,"FFCC ROCA",56483
2021-01-10,"FFCC SAR",7547
2021-01-11,"BSAS_LINEA_203",53306
2021-01-11,"BSAS_LINEA_501G",67382
2021-01-11,"FFCC ROCA",180492
2021-01-11,"FFCC SAR",95511
2021-01-12,"BSAS_LINEA_203",73536
2021-01-12,"BSAS_LINEA_501G",107365
2021-01-12,"FFCC ROCA",249875
2021-01-12,"FFCC SAR",137056
2021-01-13,"BSAS_LINEA_203",73368
2021-01-13,"BSAS_LINEA_501G",102750
2021-01-13,"FFCC ROCA",246166
2021-01-13,"FFCC SAR",127051
2021-01-14,"BSAS_LINEA_203",72932
2021-01-14,"BSAS_LINEA_501G",104174
2021-01-14,"FFCC ROCA",243537
2021-01-14,"FFCC SAR",120736
2021-01-15,"BSAS_LINEA_203",68824
2021-01-15,"BSAS_LINEA_501G",93445
2021-01-15,"FFCC ROCA",241769
2021-01-15,"FFCC SAR",116260
2021-01-16,"BSAS_LINEA_203",52431
2021-01-16,"BSAS_LINEA_501G",82467
2021-01-16,"FFCC ROCA",136023
2021-01-16,"FFCC SAR",35337
2021-01-17,"BSAS_LINEA_203",42488
2021-01-17,"BSAS_LINEA_501G",51396
2021-01-17,"FFCC ROCA",61854
2021-01-17,"FFCC SAR",11714
2021-01-18,"BSAS_LINEA_203",71730
2021-01-18,"BSAS_LINEA_501G",103548
2021-01-18,"FFCC ROCA",242377
2021-01-18,"FFCC SAR",126327
2021-01-19,"BSAS_LINEA_203",71476
2021-01-19,"BSAS_LINEA_501G",103096
2021-01-19,"FFCC ROCA",237048
2021-01-19,"FFCC SAR",120386
2021-01-20,"BSAS_LINEA_203",71505
2021-01-20,"BSAS_LINEA_501G",101889
2021-01-20,"FFCC ROCA",194840
2021-01-20,"FFCC SAR",117878
2021-01-21,"BSAS_LINEA_203",71417
2021-01-21,"BSAS_LINEA_501G",102481
2021-01-21,"FFCC ROCA",233361
2021-01-21,"FFCC SAR",104100
2021-01-22,"BSAS_LINEA_203",75867
2021-01-22,"BSAS_LINEA_501G",109452
2021-01-22,"FFCC ROCA",243480
2021-01-22,"FFCC SAR",105950
2021-01-23,"BSAS_LINEA_203",55407
2021-01-23,"BSAS_LINEA_501G",87061
2021-01-23,"FFCC ROCA",146578
2021-01-23,"FFCC SAR",36094
2021-01-24,"BSAS_LINEA_203",39615
2021-01-24,"BSAS_LINEA_501G",48709
2021-01-24,"FFCC ROCA",60705
2021-01-24,"FFCC SAR",12456
2021-01-25,"BSAS_LINEA_203",67508
2021-01-25,"BSAS_LINEA_501G",95274
2021-01-25,"FFCC ROCA",223672
2021-01-25,"FFCC SAR",117275
2021-01-26,"BSAS_LINEA_203",68489
2021-01-26,"BSAS_LINEA_501G",96007
2021-01-26,"FFCC ROCA",227592
2021-01-26,"FFCC SAR",114181
2021-01-27,"BSAS_LINEA_203",71386
2021-01-27,"BSAS_LINEA_501G",99597
2021-01-27,"FFCC ROCA",238857
2021-01-27,"FFCC SAR",121531
2021-01-28,"BSAS_LINEA_203",68635
2021-01-28,"BSAS_LINEA_501G",95997
2021-01-28,"FFCC ROCA",233196
2021-01-28,"FFCC SAR",107966
2021-01-29,"BSAS_LINEA_203",69805
2021-01-29,"BSAS_LINEA_501G",96717
2021-01-29,"FFCC ROCA",233431
2021-01-29,"FFCC SAR",109440
2021-01-30,"BSAS_LINEA_203",45544
2021-01-30,"BSAS_LINEA_501G",67008
2021-01-30,"FFCC ROCA",127089
2021-01-30,"FFCC SAR",26773
2021-01-31,"BSAS_LINEA_203",37492
2021-01-31,"BSAS_LINEA_501G",44658
2021-01-31,"FFCC ROCA",54293
2021-01-31,"FFCC SAR",7591
2021-02-01,"BSAS_LINEA_203",61866
2021-02-01,"BSAS_LINEA_501G",91521
2021-02-01,"FFCC ROCA",218067
2021-02-01,"FFCC SAR",115541
2021-02-02,"BSAS_LINEA_203",72214
2021-02-02,"BSAS_LINEA_501G",101522
2021-02-02,"FFCC ROCA",241864
2021-02-02,"FFCC SAR",131172
2021-02-03,"BSAS_LINEA_203",72972
2021-02-03,"BSAS_LINEA_501G",103979
2021-02-03,"FFCC ROCA",242728
2021-02-03,"FFCC SAR",128396
2021-02-04,"BSAS_LINEA_203",75613
2021-02-04,"BSAS_LINEA_501G",107005
2021-02-04,"FFCC ROCA",258290
2021-02-04,"FFCC SAR",123910
2021-02-05,"BSAS_LINEA_203",80959
2021-02-05,"BSAS_LINEA_501G",120339
2021-02-05,"FFCC ROCA",274571
2021-02-05,"FFCC SAR",123368
2021-02-06,"BSAS_LINEA_203",60117
2021-02-06,"BSAS_LINEA_501G",98379
2021-02-06,"FFCC ROCA",172323
2021-02-06,"FFCC SAR",48671
2021-02-07,"BSAS_LINEA_203",43749
2021-02-07,"BSAS_LINEA_501G",54429
2021-02-07,"FFCC ROCA",71256
2021-02-07,"FFCC SAR",13874
2021-02-08,"BSAS_LINEA_203",71247
2021-02-08,"BSAS_LINEA_501G",103939
2021-02-08,"FFCC ROCA",255543
2021-02-08,"FFCC SAR",131736
2021-02-09,"BSAS_LINEA_203",75705
2021-02-09,"BSAS_LINEA_501G",108473
2021-02-09,"FFCC ROCA",264724
2021-02-09,"FFCC SAR",139043
2021-02-10,"BSAS_LINEA_203",71229
2021-02-10,"BSAS_LINEA_501G",106200
2021-02-10,"FFCC ROCA",263714
2021-02-10,"FFCC SAR",131192
2021-02-11,"BSAS_LINEA_203",74877
2021-02-11,"BSAS_LINEA_501G",105305
2021-02-11,"FFCC ROCA",259185
2021-02-11,"FFCC SAR",123389
2021-02-12,"BSAS_LINEA_203",78772
2021-02-12,"BSAS_LINEA_501G",115557
2021-02-12,"FFCC ROCA",276282
2021-02-12,"FFCC SAR",126574
2021-02-13,"BSAS_LINEA_203",53422
2021-02-13,"BSAS_LINEA_501G",86645
2021-02-13,"FFCC ROCA",163361
2021-02-13,"FFCC SAR",54765
2021-02-14,"BSAS_LINEA_203",43428
2021-02-14,"BSAS_LINEA_501G",56424
2021-02-14,"FFCC ROCA",67911
2021-02-14,"FFCC SAR",13273
2021-02-15,"BSAS_LINEA_203",53623
2021-02-15,"BSAS_LINEA_501G",64550
2021-02-15,"FFCC ROCA",95576
2021-02-15,"FFCC SAR",27938
2021-02-16,"BSAS_LINEA_203",54136
2021-02-16,"BSAS_LINEA_501G",63267
2021-02-16,"FFCC ROCA",91826
2021-02-16,"FFCC SAR",27027
2021-02-17,"BSAS_LINEA_203",82185
2021-02-17,"BSAS_LINEA_501G",119905
2021-02-17,"FFCC ROCA",279485
2021-02-17,"FFCC SAR",145249
2021-02-18,"BSAS_LINEA_203",78140
2021-02-18,"BSAS_LINEA_501G",114884
2021-02-18,"FFCC ROCA",282621
2021-02-18,"FFCC SAR",125285
2021-02-19,"BSAS_LINEA_203",81721
2021-02-19,"BSAS_LINEA_501G",122938
2021-02-19,"FFCC ROCA",278318
2021-02-19,"FFCC SAR",120663
2021-02-20,"BSAS_LINEA_203",64323
2021-02-20,"BSAS_LINEA_501G",100797
2021-02-20,"FFCC ROCA",166503
2021-02-20,"FFCC SAR",32401
2021-02-21,"BSAS_LINEA_203",45542
2021-02-21,"BSAS_LINEA_501G",56917
2021-02-21,"FFCC ROCA",66730
2021-02-21,"FFCC SAR",7419
2021-02-22,"BSAS_LINEA_203",65851
2021-02-22,"BSAS_LINEA_501G",93746
2021-02-22,"FFCC ROCA",195509
2021-02-22,"FFCC SAR",109328
2021-02-23,"BSAS_LINEA_203",79090
2021-02-23,"BSAS_LINEA_501G",119419
2021-02-23,"FFCC ROCA",276265
2021-02-23,"FFCC SAR",136284
2021-02-24,"BSAS_LINEA_203",79065
2021-02-24,"BSAS_LINEA_501G",116815
2021-02-24,"FFCC ROCA",275794
2021-02-24,"FFCC SAR",139907
2021-02-25,"BSAS_LINEA_203",80596
2021-02-25,"BSAS_LINEA_501G",113281
2021-02-25,"FFCC ROCA",275421
2021-02-25,"FFCC SAR",125810
2021-02-26,"BSAS_LINEA_203",87886
2021-02-26,"BSAS_LINEA_501G",24
2021-02-26,"FFCC ROCA",284160
2021-02-26,"FFCC SAR",125584
2021-02-27,"BSAS_LINEA_203",60664
2021-02-27,"BSAS_LINEA_501G",99940
2021-02-27,"FFCC ROCA",174456
2021-02-27,"FFCC SAR",46217
2021-02-28,"BSAS_LINEA_203",46014
2021-02-28,"BSAS_LINEA_501G",55531
2021-02-28,"FFCC ROCA",72465
2021-02-28,"FFCC SAR",9983
2021-03-01,"BSAS_LINEA_203",82484
2021-03-01,"BSAS_LINEA_501G",118869
2021-03-01,"FFCC ROCA",273688
2021-03-01,"FFCC SAR",127195
2021-03-02,"BSAS_LINEA_203",84496
2021-03-02,"BSAS_LINEA_501G",118503
2021-03-02,"FFCC ROCA",275527
2021-03-02,"FFCC SAR",110606
2021-03-03,"BSAS_LINEA_203",86480
2021-03-03,"BSAS_LINEA_501G",119846
2021-03-03,"FFCC ROCA",282263
2021-03-03,"FFCC SAR",143414
2021-03-04,"BSAS_LINEA_203",86301
2021-03-04,"BSAS_LINEA_501G",119477
2021-03-04,"FFCC ROCA",285469
2021-03-04,"FFCC SAR",134252
2021-03-05,"BSAS_LINEA_203",94104
2021-03-05,"BSAS_LINEA_501G",136690
2021-03-05,"FFCC ROCA",315581
2021-03-05,"FFCC SAR",142440
2021-03-06,"BSAS_LINEA_203",69740
2021-03-06,"BSAS_LINEA_501G",110520
2021-03-06,"FFCC ROCA",192822
2021-03-06,"FFCC SAR",54981
2021-03-07,"BSAS_LINEA_203",48398
2021-03-07,"BSAS_LINEA_501G",62072
2021-03-07,"FFCC ROCA",79153
2021-03-07,"FFCC SAR",20201
2021-03-08,"BSAS_LINEA_203",88767
2021-03-08,"BSAS_LINEA_501G",126983
2021-03-08,"FFCC ROCA",279089
2021-03-08,"FFCC SAR",148194
2021-03-09,"BSAS_LINEA_203",90256
2021-03-09,"BSAS_LINEA_501G",133327
2021-03-09,"FFCC ROCA",296897
2021-03-09,"FFCC SAR",151577
2021-03-10,"BSAS_LINEA_203",91004
2021-03-10,"BSAS_LINEA_501G",132823
2021-03-10,"FFCC ROCA",294815
2021-03-10,"FFCC SAR",151018
2021-03-11,"BSAS_LINEA_203",89713
2021-03-11,"BSAS_LINEA_501G",130702
2021-03-11,"FFCC ROCA",300579
2021-03-11,"FFCC SAR",139999
2021-03-12,"BSAS_LINEA_203",93550
2021-03-12,"BSAS_LINEA_501G",137487
2021-03-12,"FFCC ROCA",313622
2021-03-12,"FFCC SAR",145335
2021-03-13,"BSAS_LINEA_203",70074
2021-03-13,"BSAS_LINEA_501G",109250
2021-03-13,"FFCC ROCA",198893
2021-03-13,"FFCC SAR",55509
2021-03-14,"BSAS_LINEA_203",44336
2021-03-14,"BSAS_LINEA_501G",61579
2021-03-14,"FFCC ROCA",77727
2021-03-14,"FFCC SAR",11875
2021-03-15,"BSAS_LINEA_203",86429
2021-03-15,"BSAS_LINEA_501G",130685
2021-03-15,"FFCC ROCA",299507
2021-03-15,"FFCC SAR",151495
2021-03-16,"BSAS_LINEA_203",80797
2021-03-16,"BSAS_LINEA_501G",115570
2021-03-16,"FFCC ROCA",278926
2021-03-16,"FFCC SAR",141796
2021-03-17,"BSAS_LINEA_203",85215
2021-03-17,"BSAS_LINEA_501G",124043
2021-03-17,"FFCC ROCA",290184
2021-03-17,"FFCC SAR",148438
2021-03-18,"BSAS_LINEA_203",86026
2021-03-18,"BSAS_LINEA_501G",135037
2021-03-18,"FFCC ROCA",312255
2021-03-18,"FFCC SAR",145232
2021-03-19,"BSAS_LINEA_203",93930
2021-03-19,"BSAS_LINEA_501G",142155
2021-03-19,"FFCC ROCA",315887
2021-03-19,"FFCC SAR",143692
2021-03-20,"BSAS_LINEA_203",55272
2021-03-20,"BSAS_LINEA_501G",77958
2021-03-20,"FFCC ROCA",137465
2021-03-20,"FFCC SAR",32493
2021-03-21,"BSAS_LINEA_203",47740
2021-03-21,"BSAS_LINEA_501G",64931
2021-03-21,"FFCC ROCA",77805
2021-03-21,"FFCC SAR",11736
2021-03-22,"BSAS_LINEA_203",87574
2021-03-22,"BSAS_LINEA_501G",137104
2021-03-22,"FFCC ROCA",310602
2021-03-22,"FFCC SAR",158277
2021-03-23,"BSAS_LINEA_203",91488
2021-03-23,"BSAS_LINEA_501G",136527
2021-03-23,"FFCC ROCA",313768
2021-03-23,"FFCC SAR",162809
2021-03-24,"BSAS_LINEA_203",62111
2021-03-24,"BSAS_LINEA_501G",77882
2021-03-24,"FFCC ROCA",114154
2021-03-24,"FFCC SAR",39823
2021-03-25,"BSAS_LINEA_203",63784
2021-03-25,"BSAS_LINEA_501G",80546
2021-03-25,"FFCC ROCA",210570
2021-03-25,"FFCC SAR",104492
2021-03-26,"BSAS_LINEA_203",87043
2021-03-26,"BSAS_LINEA_501G",127354
2021-03-26,"FFCC ROCA",288603
2021-03-26,"FFCC SAR",138052
2021-03-27,"BSAS_LINEA_203",62130
2021-03-27,"BSAS_LINEA_501G",93574
2021-03-27,"FFCC ROCA",176764
2021-03-27,"FFCC SAR",50666
2021-03-28,"BSAS_LINEA_203",45168
2021-03-28,"BSAS_LINEA_501G",56118
2021-03-28,"FFCC ROCA",68160
2021-03-28,"FFCC SAR",14997
2021-03-29,"BSAS_LINEA_203",86830
2021-03-29,"BSAS_LINEA_501G",132526
2021-03-29,"FFCC ROCA",302793
2021-03-29,"FFCC SAR",140594
2021-03-30,"BSAS_LINEA_203",89870
2021-03-30,"BSAS_LINEA_501G",124510
2021-03-30,"FFCC ROCA",305061
2021-03-30,"FFCC SAR",159737
2021-03-31,"BSAS_LINEA_203",91272
2021-03-31,"BSAS_LINEA_501G",132193
2021-03-31,"FFCC ROCA",310439
2021-03-31,"FFCC SAR",165345
2021-04-01,"BSAS_LINEA_203",73415
2021-04-01,"BSAS_LINEA_501G",105812
2021-04-01,"FFCC ROCA",212633
2021-04-01,"FFCC SAR",104495
2021-04-02,"BSAS_LINEA_203",53548
2021-04-02,"BSAS_LINEA_501G",63869
2021-04-02,"FFCC ROCA",92711
2021-04-02,"FFCC SAR",24567
2021-04-03,"BSAS_LINEA_203",67214
2021-04-03,"BSAS_LINEA_501G",99603
2021-04-03,"FFCC ROCA",170248
2021-04-03,"FFCC SAR",45799
2021-04-04,"BSAS_LINEA_203",47264
2021-04-04,"BSAS_LINEA_501G",56675
2021-04-04,"FFCC ROCA",70211
2021-04-04,"FFCC SAR",13771
2021-04-05,"BSAS_LINEA_203",87438
2021-04-05,"BSAS_LINEA_501G",130212
2021-04-05,"FFCC ROCA",189404
2021-04-05,"FFCC SAR",151120
2021-04-06,"BSAS_LINEA_203",86253
2021-04-06,"BSAS_LINEA_501G",132393
2021-04-06,"FFCC ROCA",291449
2021-04-06,"FFCC SAR",149561
2021-04-07,"BSAS_LINEA_203",86996
2021-04-07,"BSAS_LINEA_501G",131206
2021-04-07,"FFCC ROCA",285125
2021-04-07,"FFCC SAR",144848
2021-04-08,"BSAS_LINEA_203",82529
2021-04-08,"BSAS_LINEA_501G",124320
2021-04-08,"FFCC ROCA",282655
2021-04-08,"FFCC SAR",136090
2021-04-09,"BSAS_LINEA_203",70953
2021-04-09,"BSAS_LINEA_501G",104107
2021-04-09,"FFCC ROCA",234070
2021-04-09,"FFCC SAR",112728
2021-04-10,"BSAS_LINEA_203",49625
2021-04-10,"BSAS_LINEA_501G",75066
2021-04-10,"FFCC ROCA",121271
2021-04-10,"FFCC SAR",42365
2021-04-11,"BSAS_LINEA_203",34195
2021-04-11,"BSAS_LINEA_501G",43549
2021-04-11,"FFCC ROCA",51734
2021-04-11,"FFCC SAR",15383
2021-04-12,"BSAS_LINEA_203",77675
2021-04-12,"BSAS_LINEA_501G",118579
2021-04-12,"FFCC ROCA",248351
2021-04-12,"FFCC SAR",124724
2021-04-13,"BSAS_LINEA_203",77289
2021-04-13,"BSAS_LINEA_501G",118360
2021-04-13,"FFCC ROCA",243995
2021-04-13,"FFCC SAR",124847
2021-04-14,"BSAS_LINEA_203",77407
2021-04-14,"BSAS_LINEA_501G",117814
2021-04-14,"FFCC ROCA",236208
2021-04-14,"FFCC SAR",124540
2021-04-15,"BSAS_LINEA_203",76553
2021-04-15,"BSAS_LINEA_501G",114027
2021-04-15,"FFCC ROCA",227022
2021-04-15,"FFCC SAR",115133
2021-04-16,"BSAS_LINEA_203",74941
2021-04-16,"BSAS_LINEA_501G",115091
2021-04-16,"FFCC ROCA",241985
2021-04-16,"FFCC SAR",117197
2021-04-17,"BSAS_LINEA_203",49284
2021-04-17,"BSAS_LINEA_501G",80756
2021-04-17,"FFCC ROCA",128394
2021-04-17,"FFCC SAR",45283
2021-04-18,"BSAS_LINEA_203",29394
2021-04-18,"BSAS_LINEA_501G",41616
2021-04-18,"FFCC ROCA",47022
2021-04-18,"FFCC SAR",9721
2021-04-19,"BSAS_LINEA_203",66977
2021-04-19,"BSAS_LINEA_501G",98334
2021-04-19,"FFCC ROCA",223313
2021-04-19,"FFCC SAR",115950
2021-04-20,"BSAS_LINEA_203",69153
2021-04-20,"BSAS_LINEA_501G",101798
2021-04-20,"FFCC ROCA",221965
2021-04-20,"FFCC SAR",119242
2021-04-21,"BSAS_LINEA_203",69789
2021-04-21,"BSAS_LINEA_501G",101528
2021-04-21,"FFCC ROCA",226815
2021-04-21,"FFCC SAR",120022
2021-04-22,"BSAS_LINEA_203",69449
2021-04-22,"BSAS_LINEA_501G",100395
2021-04-22,"FFCC ROCA",219562
2021-04-22,"FFCC SAR",110608
2021-04-23,"BSAS_LINEA_203",72121
2021-04-23,"BSAS_LINEA_501G",101232
2021-04-23,"FFCC ROCA",218450
2021-04-23,"FFCC SAR",113123
2021-04-24,"BSAS_LINEA_203",48521
2021-04-24,"BSAS_LINEA_501G",75471
2021-04-24,"FFCC ROCA",124984
2021-04-24,"FFCC SAR",37901
2021-04-25,"BSAS_LINEA_203",31581
2021-04-25,"BSAS_LINEA_501G",44880
2021-04-25,"FFCC ROCA",50773
2021-04-25,"FFCC SAR",10094
2021-04-26,"BSAS_LINEA_203",67041
2021-04-26,"BSAS_LINEA_501G",95800
2021-04-26,"FFCC ROCA",219270
2021-04-26,"FFCC SAR",117534
2021-04-27,"BSAS_LINEA_203",70849
2021-04-27,"BSAS_LINEA_501G",101842
2021-04-27,"FFCC ROCA",233472
2021-04-27,"FFCC SAR",121299
2021-04-28,"BSAS_LINEA_203",70616
2021-04-28,"BSAS_LINEA_501G",100066
2021-04-28,"FFCC ROCA",232288
2021-04-28,"FFCC SAR",123820
2021-04-29,"BSAS_LINEA_203",71836
2021-04-29,"BSAS_LINEA_501G",102143
2021-04-29,"FFCC ROCA",230980
2021-04-29,"FFCC SAR",117541
2021-04-30,"BSAS_LINEA_203",71144
2021-04-30,"BSAS_LINEA_501G",75323
2021-04-30,"FFCC ROCA",243201
2021-04-30,"FFCC SAR",122573
2021-05-01,"BSAS_LINEA_203",41006
2021-05-01,"BSAS_LINEA_501G",58302
2021-05-01,"FFCC ROCA",74479
2021-05-01,"FFCC SAR",22960
2021-05-02,"BSAS_LINEA_203",32031
2021-05-02,"BSAS_LINEA_501G",42945
2021-05-02,"FFCC ROCA",50141
2021-05-02,"FFCC SAR",11764
2021-05-03,"BSAS_LINEA_203",66948
2021-05-03,"BSAS_LINEA_501G",91039
2021-05-03,"FFCC ROCA",212921
2021-05-03,"FFCC SAR",108596
2021-05-04,"BSAS_LINEA_203",69370
2021-05-04,"BSAS_LINEA_501G",90469
2021-05-04,"FFCC ROCA",226230
2021-05-04,"FFCC SAR",102884
2021-05-05,"BSAS_LINEA_203",75373
2021-05-05,"BSAS_LINEA_501G",112902
2021-05-05,"FFCC ROCA",237768
2021-05-05,"FFCC SAR",117999
2021-05-06,"BSAS_LINEA_203",74186
2021-05-06,"BSAS_LINEA_501G",107786
2021-05-06,"FFCC ROCA",234746
2021-05-06,"FFCC SAR",111121
2021-05-07,"BSAS_LINEA_203",77725
2021-05-07,"BSAS_LINEA_501G",112474
2021-05-07,"FFCC ROCA",247793
2021-05-07,"FFCC SAR",102670
2021-05-08,"BSAS_LINEA_203",58033
2021-05-08,"BSAS_LINEA_501G",93224
2021-05-08,"FFCC ROCA",147566
2021-05-08,"FFCC SAR",51439
2021-05-09,"BSAS_LINEA_203",35679
2021-05-09,"BSAS_LINEA_501G",47243
2021-05-09,"FFCC ROCA",52790
2021-05-09,"FFCC SAR",14160
2021-05-10,"BSAS_LINEA_203",74266
2021-05-10,"BSAS_LINEA_501G",106115
2021-05-10,"FFCC ROCA",240688
2021-05-10,"FFCC SAR",110688
2021-05-11,"BSAS_LINEA_203",74900
2021-05-11,"BSAS_LINEA_501G",106698
2021-05-11,"FFCC ROCA",238518
2021-05-11,"FFCC SAR",99680
2021-05-12,"BSAS_LINEA_203",76302
2021-05-12,"BSAS_LINEA_501G",106542
2021-05-12,"FFCC ROCA",228872
2021-05-12,"FFCC SAR",123876
2021-05-13,"BSAS_LINEA_203",75502
2021-05-13,"BSAS_LINEA_501G",105148
2021-05-13,"FFCC ROCA",240951
2021-05-13,"FFCC SAR",120702
2021-05-14,"BSAS_LINEA_203",78497
2021-05-14,"BSAS_LINEA_501G",112289
2021-05-14,"FFCC ROCA",161386
2021-05-14,"FFCC SAR",124991
2021-05-15,"BSAS_LINEA_203",58799
2021-05-15,"BSAS_LINEA_501G",89835
2021-05-15,"FFCC ROCA",143965
2021-05-15,"FFCC SAR",44971
2021-05-16,"BSAS_LINEA_203",35287
2021-05-16,"BSAS_LINEA_501G",45835
2021-05-16,"FFCC ROCA",55004
2021-05-16,"FFCC SAR",8519
2021-05-17,"BSAS_LINEA_203",73735
2021-05-17,"BSAS_LINEA_501G",104315
2021-05-17,"FFCC ROCA",236501
2021-05-17,"FFCC SAR",114476
2021-05-18,"BSAS_LINEA_203",74288
2021-05-18,"BSAS_LINEA_501G",104414
2021-05-18,"FFCC ROCA",235374
2021-05-18,"FFCC SAR",123606
2021-05-19,"BSAS_LINEA_203",74961
2021-05-19,"BSAS_LINEA_501G",105051
2021-05-19,"FFCC ROCA",236986
2021-05-19,"FFCC SAR",126812
2021-05-20,"BSAS_LINEA_203",73809
2021-05-20,"BSAS_LINEA_501G",103187
2021-05-20,"FFCC ROCA",238986
2021-05-20,"FFCC SAR",120778
2021-05-21,"BSAS_LINEA_203",68620
2021-05-21,"BSAS_LINEA_501G",91310
2021-05-21,"FFCC ROCA",223748
2021-05-21,"FFCC SAR",113274
2021-05-22,"BSAS_LINEA_203",28556
2021-05-22,"BSAS_LINEA_501G",41699
2021-05-22,"FFCC ROCA",70456
2021-05-22,"FFCC SAR",24089
2021-05-23,"BSAS_LINEA_203",19289
2021-05-23,"BSAS_LINEA_501G",23214
2021-05-23,"FFCC ROCA",31124
2021-05-23,"FFCC SAR",6810
2021-05-24,"BSAS_LINEA_203",34887
2021-05-24,"BSAS_LINEA_501G",44527
2021-05-24,"FFCC ROCA",63221
2021-05-24,"FFCC SAR",22266
2021-05-25,"BSAS_LINEA_203",29285
2021-05-25,"BSAS_LINEA_501G",34713
2021-05-25,"FFCC ROCA",49777
2021-05-25,"FFCC SAR",15360
2021-05-26,"BSAS_LINEA_203",52962
2021-05-26,"BSAS_LINEA_501G",74950
2021-05-26,"FFCC ROCA",173399
2021-05-26,"FFCC SAR",93142
2021-05-27,"BSAS_LINEA_203",53738
2021-05-27,"BSAS_LINEA_501G",76381
2021-05-27,"FFCC ROCA",176521
2021-05-27,"FFCC SAR",88168
2021-05-28,"BSAS_LINEA_203",58363
2021-05-28,"BSAS_LINEA_501G",83451
2021-05-28,"FFCC ROCA",186245
2021-05-28,"FFCC SAR",95229
2021-05-29,"BSAS_LINEA_203",38396
2021-05-29,"BSAS_LINEA_501G",58998
2021-05-29,"FFCC ROCA",101744
2021-05-29,"FFCC SAR",32371
2021-05-30,"BSAS_LINEA_203",23103
2021-05-30,"BSAS_LINEA_501G",31722
2021-05-30,"FFCC ROCA",40808
2021-05-30,"FFCC SAR",10054
2021-05-31,"BSAS_LINEA_203",66581
2021-05-31,"BSAS_LINEA_501G",97503
2021-05-31,"FFCC ROCA",190671
2021-05-31,"FFCC SAR",119729
2021-06-01,"BSAS_LINEA_203",62523
2021-06-01,"BSAS_LINEA_501G",97502
2021-06-01,"FFCC ROCA",222366
2021-06-01,"FFCC SAR",121608
2021-06-02,"BSAS_LINEA_203",65465
2021-06-02,"BSAS_LINEA_501G",103751
2021-06-02,"FFCC ROCA",235050
2021-06-02,"FFCC SAR",127162
2021-06-03,"BSAS_LINEA_203",67730
2021-06-03,"BSAS_LINEA_501G",104425
2021-06-03,"FFCC ROCA",235615
2021-06-03,"FFCC SAR",124558
2021-06-04,"BSAS_LINEA_203",69877
2021-06-04,"BSAS_LINEA_501G",115874
2021-06-04,"FFCC ROCA",244448
2021-06-04,"FFCC SAR",125901
2021-06-05,"BSAS_LINEA_203",43230
2021-06-05,"BSAS_LINEA_501G",68493
2021-06-05,"FFCC ROCA",116700
2021-06-05,"FFCC SAR",33581
2021-06-06,"BSAS_LINEA_203",28208
2021-06-06,"BSAS_LINEA_501G",40148
2021-06-06,"FFCC ROCA",47367
2021-06-06,"FFCC SAR",10993
2021-06-07,"BSAS_LINEA_203",69525
2021-06-07,"BSAS_LINEA_501G",110087
2021-06-07,"FFCC ROCA",241549
2021-06-07,"FFCC SAR",128554
2021-06-08,"BSAS_LINEA_203",68736
2021-06-08,"BSAS_LINEA_501G",111354
2021-06-08,"FFCC ROCA",243209
2021-06-08,"FFCC SAR",130640
2021-06-09,"BSAS_LINEA_203",69136
2021-06-09,"BSAS_LINEA_501G",104356
2021-06-09,"FFCC ROCA",241496
2021-06-09,"FFCC SAR",127555
2021-06-10,"BSAS_LINEA_203",70539
2021-06-10,"BSAS_LINEA_501G",108501
2021-06-10,"FFCC ROCA",247545
2021-06-10,"FFCC SAR",120682
2021-06-11,"BSAS_LINEA_203",75427
2021-06-11,"BSAS_LINEA_501G",120880
2021-06-11,"FFCC ROCA",267868
2021-06-11,"FFCC SAR",134848
2021-06-12,"BSAS_LINEA_203",50295
2021-06-12,"BSAS_LINEA_501G",90345
2021-06-12,"FFCC ROCA",140733
2021-06-12,"FFCC SAR",59700
2021-06-13,"BSAS_LINEA_203",31880
2021-06-13,"BSAS_LINEA_501G",48388
2021-06-13,"FFCC ROCA",54820
2021-06-13,"FFCC SAR",12100
2021-06-14,"BSAS_LINEA_203",77573
2021-06-14,"BSAS_LINEA_501G",111039
2021-06-14,"FFCC ROCA",249898
2021-06-14,"FFCC SAR",131170
2021-06-15,"BSAS_LINEA_203",79313
2021-06-15,"BSAS_LINEA_501G",113188
2021-06-15,"FFCC ROCA",249469
2021-06-15,"FFCC SAR",133207
2021-06-16,"BSAS_LINEA_203",80130
2021-06-16,"BSAS_LINEA_501G",118907
2021-06-16,"FFCC ROCA",248980
2021-06-16,"FFCC SAR",125457
2021-06-17,"BSAS_LINEA_203",81403
2021-06-17,"BSAS_LINEA_501G",119096
2021-06-17,"FFCC ROCA",246667
2021-06-17,"FFCC SAR",125944
2021-06-18,"BSAS_LINEA_203",85502
2021-06-18,"BSAS_LINEA_501G",129098
2021-06-18,"FFCC ROCA",264636
2021-06-18,"FFCC SAR",132529
2021-06-19,"BSAS_LINEA_203",52097
2021-06-19,"BSAS_LINEA_501G",103000
2021-06-19,"FFCC ROCA",143522
2021-06-19,"FFCC SAR",56196
2021-06-20,"BSAS_LINEA_203",41719
2021-06-20,"BSAS_LINEA_501G",53467
2021-06-20,"FFCC ROCA",52654
2021-06-20,"FFCC SAR",15025
2021-06-21,"BSAS_LINEA_203",47251
2021-06-21,"BSAS_LINEA_501G",55465
2021-06-21,"FFCC ROCA",67408
2021-06-21,"FFCC SAR",18543
2021-06-22,"BSAS_LINEA_203",83288
2021-06-22,"BSAS_LINEA_501G",124449
2021-06-22,"FFCC ROCA",259988
2021-06-22,"FFCC SAR",128890
2021-06-23,"BSAS_LINEA_203",77507
2021-06-23,"BSAS_LINEA_501G",119731
2021-06-23,"FFCC ROCA",248628
2021-06-23,"FFCC SAR",130051
2021-06-24,"BSAS_LINEA_203",78011
2021-06-24,"BSAS_LINEA_501G",113831
2021-06-24,"FFCC ROCA",240687
2021-06-24,"FFCC SAR",120555
2021-06-25,"BSAS_LINEA_203",85642
2021-06-25,"BSAS_LINEA_501G",129038
2021-06-25,"FFCC ROCA",270473
2021-06-25,"FFCC SAR",137371
2021-06-26,"BSAS_LINEA_203",59311
2021-06-26,"BSAS_LINEA_501G",91375
2021-06-26,"FFCC ROCA",167292
2021-06-26,"FFCC SAR",65064
2021-06-27,"BSAS_LINEA_203",33827
2021-06-27,"BSAS_LINEA_501G",41259
2021-06-27,"FFCC ROCA",46974
2021-06-27,"FFCC SAR",11534
2021-06-28,"BSAS_LINEA_203",77441
2021-06-28,"BSAS_LINEA_501G",112209
2021-06-28,"FFCC ROCA",240355
2021-06-28,"FFCC SAR",118962
2021-06-29,"BSAS_LINEA_203",80153
2021-06-29,"BSAS_LINEA_501G",114604
2021-06-29,"FFCC ROCA",241651
2021-06-29,"FFCC SAR",118203
2021-06-30,"BSAS_LINEA_203",81955
2021-06-30,"BSAS_LINEA_501G",120800
2021-06-30,"FFCC ROCA",247466
2021-06-30,"FFCC SAR",113888
2021-07-01,"BSAS_LINEA_203",80544
2021-07-01,"BSAS_LINEA_501G",121184
2021-07-01,"FFCC ROCA",246940
2021-07-01,"FFCC SAR",132254
2021-07-02,"BSAS_LINEA_203",84525
2021-07-02,"BSAS_LINEA_501G",129146
2021-07-02,"FFCC ROCA",268556
2021-07-02,"FFCC SAR",135306
2021-07-03,"BSAS_LINEA_203",66490
2021-07-03,"BSAS_LINEA_501G",108015
2021-07-03,"FFCC ROCA",173815
2021-07-03,"FFCC SAR",74898
2021-07-04,"BSAS_LINEA_203",44953
2021-07-04,"BSAS_LINEA_501G",61033
2021-07-04,"FFCC ROCA",66030
2021-07-04,"FFCC SAR",19177
2021-07-05,"BSAS_LINEA_203",82169
2021-07-05,"BSAS_LINEA_501G",131730
2021-07-05,"FFCC ROCA",271076
2021-07-05,"FFCC SAR",133262
2021-07-06,"BSAS_LINEA_203",82131
2021-07-06,"BSAS_LINEA_501G",131130
2021-07-06,"FFCC ROCA",272785
2021-07-06,"FFCC SAR",132427
2021-07-07,"BSAS_LINEA_203",78246
2021-07-07,"BSAS_LINEA_501G",117202
2021-07-07,"FFCC ROCA",237566
2021-07-07,"FFCC SAR",131246
2021-07-08,"BSAS_LINEA_203",89655
2021-07-08,"BSAS_LINEA_501G",141245
2021-07-08,"FFCC ROCA",201081
2021-07-08,"FFCC SAR",155822
2021-07-09,"BSAS_LINEA_203",66027
2021-07-09,"BSAS_LINEA_501G",80477
2021-07-09,"FFCC ROCA",119830
2021-07-09,"FFCC SAR",44441
2021-07-10,"BSAS_LINEA_203",64029
2021-07-10,"BSAS_LINEA_501G",99620
2021-07-10,"FFCC ROCA",174062
2021-07-10,"FFCC SAR",76050
2021-07-11,"BSAS_LINEA_203",43235
2021-07-11,"BSAS_LINEA_501G",55306
2021-07-11,"FFCC ROCA",72233
2021-07-11,"FFCC SAR",18831
2021-07-12,"BSAS_LINEA_203",73830
2021-07-12,"BSAS_LINEA_501G",111007
2021-07-12,"FFCC ROCA",240003
2021-07-12,"FFCC SAR",121134
2021-07-13,"BSAS_LINEA_203",84000
2021-07-13,"BSAS_LINEA_501G",128684
2021-07-13,"FFCC ROCA",269006
2021-07-13,"FFCC SAR",142018
2021-07-14,"BSAS_LINEA_203",83200
2021-07-14,"BSAS_LINEA_501G",131359
2021-07-14,"FFCC ROCA",265529
2021-07-14,"FFCC SAR",136058
2021-07-15,"BSAS_LINEA_203",86581
2021-07-15,"BSAS_LINEA_501G",139106
2021-07-15,"FFCC ROCA",139818
2021-07-15,"FFCC SAR",139030
2021-07-16,"BSAS_LINEA_203",90529
2021-07-16,"BSAS_LINEA_501G",142735
2021-07-16,"FFCC ROCA",281238
2021-07-16,"FFCC SAR",139310
2021-07-17,"BSAS_LINEA_203",65330
2021-07-17,"BSAS_LINEA_501G",109628
2021-07-17,"FFCC ROCA",179376
2021-07-17,"FFCC SAR",83172
2021-07-18,"BSAS_LINEA_203",41977
2021-07-18,"BSAS_LINEA_501G",54230
2021-07-18,"FFCC ROCA",65850
2021-07-18,"FFCC SAR",18460
2021-07-19,"BSAS_LINEA_203",81905
2021-07-19,"BSAS_LINEA_501G",122937
2021-07-19,"FFCC ROCA",266751
2021-07-19,"FFCC SAR",141302
2021-07-20,"BSAS_LINEA_203",87545
2021-07-20,"BSAS_LINEA_501G",127528
2021-07-20,"FFCC ROCA",274660
2021-07-20,"FFCC SAR",144791
2021-07-21,"BSAS_LINEA_203",83800
2021-07-21,"BSAS_LINEA_501G",127759
2021-07-21,"FFCC ROCA",270151
2021-07-21,"FFCC SAR",144645
2021-07-22,"BSAS_LINEA_203",86348
2021-07-22,"BSAS_LINEA_501G",126864
2021-07-22,"FFCC ROCA",268631
2021-07-22,"FFCC SAR",142243
2021-07-23,"BSAS_LINEA_203",91026
2021-07-23,"BSAS_LINEA_501G",135999
2021-07-23,"FFCC ROCA",288013
2021-07-23,"FFCC SAR",143640
2021-07-24,"BSAS_LINEA_203",67808
2021-07-24,"BSAS_LINEA_501G",106925
2021-07-24,"FFCC ROCA",160996
2021-07-24,"FFCC SAR",83968
2021-07-25,"BSAS_LINEA_203",40928
2021-07-25,"BSAS_LINEA_501G",51641
2021-07-25,"FFCC ROCA",61425
2021-07-25,"FFCC SAR",20932
2021-07-26,"BSAS_LINEA_203",85636
2021-07-26,"BSAS_LINEA_501G",124039
2021-07-26,"FFCC ROCA",277531
2021-07-26,"FFCC SAR",139641
2021-07-27,"BSAS_LINEA_203",86160
2021-07-27,"BSAS_LINEA_501G",119808
2021-07-27,"FFCC ROCA",268995
2021-07-27,"FFCC SAR",142566
2021-07-28,"BSAS_LINEA_203",83932
2021-07-28,"BSAS_LINEA_501G",118114
2021-07-28,"FFCC ROCA",267570
2021-07-28,"FFCC SAR",125271
2021-07-29,"BSAS_LINEA_203",83858
2021-07-29,"BSAS_LINEA_501G",119096
2021-07-29,"FFCC ROCA",270799
2021-07-29,"FFCC SAR",130111
2021-07-30,"BSAS_LINEA_203",91724
2021-07-30,"BSAS_LINEA_501G",127238
2021-07-30,"FFCC ROCA",287712
2021-07-30,"FFCC SAR",138529
2021-07-31,"BSAS_LINEA_203",72057
2021-07-31,"BSAS_LINEA_501G",108773
2021-07-31,"FFCC ROCA",171419
2021-07-31,"FFCC SAR",50645
2021-08-01,"BSAS_LINEA_203",49684
2021-08-01,"BSAS_LINEA_501G",65039
2021-08-01,"FFCC ROCA",75826
2021-08-01,"FFCC SAR",301
2021-08-02,"BSAS_LINEA_203",90311
2021-08-02,"BSAS_LINEA_501G",138570
2021-08-02,"FFCC ROCA",299921
2021-08-02,"FFCC SAR",147837
2021-08-03,"BSAS_LINEA_203",91433
2021-08-03,"BSAS_LINEA_501G",139815
2021-08-03,"FFCC ROCA",303349
2021-08-03,"FFCC SAR",136311
2021-08-04,"BSAS_LINEA_203",91919
2021-08-04,"BSAS_LINEA_501G",140545
2021-08-04,"FFCC ROCA",310919
2021-08-04,"FFCC SAR",138078
2021-08-05,"BSAS_LINEA_203",92333
2021-08-05,"BSAS_LINEA_501G",143174
2021-08-05,"FFCC ROCA",325695
2021-08-05,"FFCC SAR",143761
2021-08-06,"BSAS_LINEA_203",97568
2021-08-06,"BSAS_LINEA_501G",154377
2021-08-06,"FFCC ROCA",344301
2021-08-06,"FFCC SAR",166628
2021-08-07,"BSAS_LINEA_203",80606
2021-08-07,"BSAS_LINEA_501G",124117
2021-08-07,"FFCC ROCA",217431
2021-08-07,"FFCC SAR",110135
2021-08-08,"BSAS_LINEA_203",38321
2021-08-08,"BSAS_LINEA_501G",41613
2021-08-08,"FFCC ROCA",57590
2021-08-08,"FFCC SAR",18012
2021-08-09,"BSAS_LINEA_203",78890
2021-08-09,"BSAS_LINEA_501G",115795
2021-08-09,"FFCC ROCA",266213
2021-08-09,"FFCC SAR",128078
2021-08-10,"BSAS_LINEA_203",94149
2021-08-10,"BSAS_LINEA_501G",145324
2021-08-10,"FFCC ROCA",310624
2021-08-10,"FFCC SAR",150116
2021-08-11,"BSAS_LINEA_203",94335
2021-08-11,"BSAS_LINEA_501G",140056
2021-08-11,"FFCC ROCA",319298
2021-08-11,"FFCC SAR",153192
2021-08-12,"BSAS_LINEA_203",95749
2021-08-12,"BSAS_LINEA_501G",146721
2021-08-12,"FFCC ROCA",329513
2021-08-12,"FFCC SAR",157092
2021-08-13,"BSAS_LINEA_203",99360
2021-08-13,"BSAS_LINEA_501G",152684
2021-08-13,"FFCC ROCA",348821
2021-08-13,"FFCC SAR",164129
2021-08-14,"BSAS_LINEA_203",77272
2021-08-14,"BSAS_LINEA_501G",122125
2021-08-14,"FFCC ROCA",200311
2021-08-14,"FFCC SAR",95165
2021-08-15,"BSAS_LINEA_203",57853
2021-08-15,"BSAS_LINEA_501G",71250
2021-08-15,"FFCC ROCA",89726
2021-08-15,"FFCC SAR",18301
2021-08-16,"BSAS_LINEA_203",61727
2021-08-16,"BSAS_LINEA_501G",72560
2021-08-16,"FFCC ROCA",100072
2021-08-16,"FFCC SAR",34693
2021-08-17,"BSAS_LINEA_203",97404
2021-08-17,"BSAS_LINEA_501G",147453
2021-08-17,"FFCC ROCA",329411
2021-08-17,"FFCC SAR",155692
2021-08-18,"BSAS_LINEA_203",99362
2021-08-18,"BSAS_LINEA_501G",153179
2021-08-18,"FFCC ROCA",347328
2021-08-18,"FFCC SAR",160392
2021-08-19,"BSAS_LINEA_203",92513
2021-08-19,"BSAS_LINEA_501G",133943
2021-08-19,"FFCC ROCA",300425
2021-08-19,"FFCC SAR",143437
2021-08-20,"BSAS_LINEA_203",103800
2021-08-20,"BSAS_LINEA_501G",158724
2021-08-20,"FFCC ROCA",345567
2021-08-20,"FFCC SAR",161563
2021-08-21,"BSAS_LINEA_203",78360
2021-08-21,"BSAS_LINEA_501G",117849
2021-08-21,"FFCC ROCA",191456
2021-08-21,"FFCC SAR",95497
2021-08-22,"BSAS_LINEA_203",53768
2021-08-22,"BSAS_LINEA_501G",68232
2021-08-22,"FFCC ROCA",82493
2021-08-22,"FFCC SAR",27845
2021-08-23,"BSAS_LINEA_203",92994
2021-08-23,"BSAS_LINEA_501G",147676
2021-08-23,"FFCC ROCA",325469
2021-08-23,"FFCC SAR",147126
2021-08-24,"BSAS_LINEA_203",95878
2021-08-24,"BSAS_LINEA_501G",148376
2021-08-24,"FFCC ROCA",332031
2021-08-24,"FFCC SAR",156897
2021-08-25,"BSAS_LINEA_203",96227
2021-08-25,"BSAS_LINEA_501G",147223
2021-08-25,"FFCC ROCA",334049
2021-08-25,"FFCC SAR",159153
2021-08-26,"BSAS_LINEA_203",97442
2021-08-26,"BSAS_LINEA_501G",146307
2021-08-26,"FFCC ROCA",340580
2021-08-26,"FFCC SAR",155469
2021-08-27,"BSAS_LINEA_203",102556
2021-08-27,"BSAS_LINEA_501G",151775
2021-08-27,"FFCC ROCA",351421
2021-08-27,"FFCC SAR",156830
2021-08-28,"BSAS_LINEA_203",79120
2021-08-28,"BSAS_LINEA_501G",115243
2021-08-28,"FFCC ROCA",197574
2021-08-28,"FFCC SAR",101954
2021-08-29,"BSAS_LINEA_203",53643
2021-08-29,"BSAS_LINEA_501G",67889
2021-08-29,"FFCC ROCA",87687
2021-08-29,"FFCC SAR",27852
2021-08-30,"BSAS_LINEA_203",96505
2021-08-30,"BSAS_LINEA_501G",147909
2021-08-30,"FFCC ROCA",324192
2021-08-30,"FFCC SAR",161201
2021-08-31,"BSAS_LINEA_203",98697
2021-08-31,"BSAS_LINEA_501G",152987
2021-08-31,"FFCC ROCA",334391
2021-08-31,"FFCC SAR",166592
2021-09-01,"BSAS_LINEA_203",86157
2021-09-01,"BSAS_LINEA_501G",129541
2021-09-01,"FFCC ROCA",269462
2021-09-01,"FFCC SAR",150112
2021-09-02,"BSAS_LINEA_203",86095
2021-09-02,"BSAS_LINEA_501G",124579
2021-09-02,"FFCC ROCA",305386
2021-09-02,"FFCC SAR",143641
2021-09-03,"BSAS_LINEA_203",105177
2021-09-03,"BSAS_LINEA_501G",156652
2021-09-03,"FFCC ROCA",373532
2021-09-03,"FFCC SAR",168413
2021-09-04,"BSAS_LINEA_203",77236
2021-09-04,"BSAS_LINEA_501G",117851
2021-09-04,"FFCC ROCA",198470
2021-09-04,"FFCC SAR",103103
2021-09-05,"BSAS_LINEA_203",51010
2021-09-05,"BSAS_LINEA_501G",65461
2021-09-05,"FFCC ROCA",83591
2021-09-05,"FFCC SAR",29967
2021-09-06,"BSAS_LINEA_203",99276
2021-09-06,"BSAS_LINEA_501G",160735
2021-09-06,"FFCC ROCA",362149
2021-09-06,"FFCC SAR",171112
2021-09-07,"BSAS_LINEA_203",82933
2021-09-07,"BSAS_LINEA_501G",123221
2021-09-07,"FFCC ROCA",249218
2021-09-07,"FFCC SAR",144819
2021-09-08,"BSAS_LINEA_203",74620
2021-09-08,"BSAS_LINEA_501G",99132
2021-09-08,"FFCC ROCA",268183
2021-09-08,"FFCC SAR",121829
2021-09-09,"BSAS_LINEA_203",91913
2021-09-09,"BSAS_LINEA_501G",133553
2021-09-09,"FFCC ROCA",324627
2021-09-09,"FFCC SAR",155956
2021-09-10,"BSAS_LINEA_203",105686
2021-09-10,"BSAS_LINEA_501G",157485
2021-09-10,"FFCC ROCA",362253
2021-09-10,"FFCC SAR",175193
2021-09-11,"BSAS_LINEA_203",80471
2021-09-11,"BSAS_LINEA_501G",121924
2021-09-11,"FFCC ROCA",222108
2021-09-11,"FFCC SAR",99941
2021-09-12,"BSAS_LINEA_203",3714
2021-09-12,"BSAS_LINEA_501G",555
2021-09-12,"FFCC ROCA",230
2021-09-12,"FFCC SAR",5425
2021-09-13,"BSAS_LINEA_203",99065
2021-09-13,"BSAS_LINEA_501G",151166
2021-09-13,"FFCC ROCA",342704
2021-09-13,"FFCC SAR",169649
2021-09-14,"BSAS_LINEA_203",105713
2021-09-14,"BSAS_LINEA_501G",160879
2021-09-14,"FFCC ROCA",363117
2021-09-14,"FFCC SAR",172556
2021-09-15,"BSAS_LINEA_203",108063
2021-09-15,"BSAS_LINEA_501G",160997
2021-09-15,"FFCC ROCA",321649
2021-09-15,"FFCC SAR",173957
2021-09-16,"BSAS_LINEA_203",107431
2021-09-16,"BSAS_LINEA_501G",161921
2021-09-16,"FFCC ROCA",374647
2021-09-16,"FFCC SAR",171731
2021-09-17,"BSAS_LINEA_203",113244
2021-09-17,"BSAS_LINEA_501G",165139
2021-09-17,"FFCC ROCA",386605
2021-09-17,"FFCC SAR",159283
2021-09-18,"BSAS_LINEA_203",87588
2021-09-18,"BSAS_LINEA_501G",126666
2021-09-18,"FFCC ROCA",231538
2021-09-18,"FFCC SAR",102746
2021-09-19,"BSAS_LINEA_203",57687
2021-09-19,"BSAS_LINEA_501G",71421
2021-09-19,"FFCC ROCA",91967
2021-09-19,"FFCC SAR",20811
2021-09-20,"BSAS_LINEA_203",101420
2021-09-20,"BSAS_LINEA_501G",152657
2021-09-20,"FFCC ROCA",346526
2021-09-20,"FFCC SAR",157222
2021-09-21,"BSAS_LINEA_203",103455
2021-09-21,"BSAS_LINEA_501G",154296
2021-09-21,"FFCC ROCA",366588
2021-09-21,"FFCC SAR",168137
2021-09-22,"BSAS_LINEA_203",101805
2021-09-22,"BSAS_LINEA_501G",151541
2021-09-22,"FFCC ROCA",350366
2021-09-22,"FFCC SAR",156588
2021-09-23,"BSAS_LINEA_203",105360
2021-09-23,"BSAS_LINEA_501G",154453
2021-09-23,"FFCC ROCA",351477
2021-09-23,"FFCC SAR",180756
2021-09-24,"BSAS_LINEA_203",112040
2021-09-24,"BSAS_LINEA_501G",164100
2021-09-24,"FFCC ROCA",378637
2021-09-24,"FFCC SAR",189221
2021-09-25,"BSAS_LINEA_203",86842
2021-09-25,"BSAS_LINEA_501G",123591
2021-09-25,"FFCC ROCA",237509
2021-09-25,"FFCC SAR",88714
2021-09-26,"BSAS_LINEA_203",61708
2021-09-26,"BSAS_LINEA_501G",72505
2021-09-26,"FFCC ROCA",97913
2021-09-26,"FFCC SAR",27454
2021-09-27,"BSAS_LINEA_203",98669
2021-09-27,"BSAS_LINEA_501G",147329
2021-09-27,"FFCC ROCA",343075
2021-09-27,"FFCC SAR",190086
2021-09-28,"BSAS_LINEA_203",101561
2021-09-28,"BSAS_LINEA_501G",151460
2021-09-28,"FFCC ROCA",349383
2021-09-28,"FFCC SAR",189966
2021-09-29,"BSAS_LINEA_203",107564
2021-09-29,"BSAS_LINEA_501G",160441
2021-09-29,"FFCC ROCA",365001
2021-09-29,"FFCC SAR",192016
2021-09-30,"BSAS_LINEA_203",93639
2021-09-30,"BSAS_LINEA_501G",128843
2021-09-30,"FFCC ROCA",323526
2021-09-30,"FFCC SAR",162793
2021-10-01,"BSAS_LINEA_203",115929
2021-10-01,"BSAS_LINEA_501G",159946
2021-10-01,"FFCC ROCA",390050
2021-10-01,"FFCC SAR",190557
2021-10-02,"BSAS_LINEA_203",80525
2021-10-02,"BSAS_LINEA_501G",107685
2021-10-02,"FFCC ROCA",219714
2021-10-02,"FFCC SAR",91258
2021-10-03,"BSAS_LINEA_203",59657
2021-10-03,"BSAS_LINEA_501G",67343
2021-10-03,"FFCC ROCA",96260
2021-10-03,"FFCC SAR",18318
2021-10-04,"BSAS_LINEA_203",109677
2021-10-04,"BSAS_LINEA_501G",161435
2021-10-04,"FFCC ROCA",368349
2021-10-04,"FFCC SAR",204859
2021-10-05,"BSAS_LINEA_203",116075
2021-10-05,"BSAS_LINEA_501G",172885
2021-10-05,"FFCC ROCA",396857
2021-10-05,"FFCC SAR",204034
2021-10-06,"BSAS_LINEA_203",113326
2021-10-06,"BSAS_LINEA_501G",168213
2021-10-06,"FFCC ROCA",399361
2021-10-06,"FFCC SAR",213301
2021-10-07,"BSAS_LINEA_203",117046
2021-10-07,"BSAS_LINEA_501G",153471
2021-10-07,"FFCC ROCA",422115
2021-10-07,"FFCC SAR",194886
2021-10-08,"BSAS_LINEA_203",93494
2021-10-08,"BSAS_LINEA_501G",108332
2021-10-08,"FFCC ROCA",199634
2021-10-08,"FFCC SAR",88268
2021-10-09,"BSAS_LINEA_203",89520
2021-10-09,"BSAS_LINEA_501G",120779
2021-10-09,"FFCC ROCA",242516
2021-10-09,"FFCC SAR",94209
2021-10-10,"BSAS_LINEA_203",64949
2021-10-10,"BSAS_LINEA_501G",65334
2021-10-10,"FFCC ROCA",103815
2021-10-10,"FFCC SAR",20575
2021-10-11,"BSAS_LINEA_203",67431
2021-10-11,"BSAS_LINEA_501G",73703
2021-10-11,"FFCC ROCA",110568
2021-10-11,"FFCC SAR",40404
2021-10-12,"BSAS_LINEA_203",113173
2021-10-12,"BSAS_LINEA_501G",165192
2021-10-12,"FFCC ROCA",393365
2021-10-12,"FFCC SAR",211772
2021-10-13,"BSAS_LINEA_203",107327
2021-10-13,"BSAS_LINEA_501G",147774
2021-10-13,"FFCC ROCA",387786
2021-10-13,"FFCC SAR",202035
2021-10-14,"BSAS_LINEA_203",115321
2021-10-14,"BSAS_LINEA_501G",156138
2021-10-14,"FFCC ROCA",398470
2021-10-14,"FFCC SAR",184723
2021-10-15,"BSAS_LINEA_203",120165
2021-10-15,"BSAS_LINEA_501G",171466
2021-10-15,"FFCC ROCA",415829
2021-10-15,"FFCC SAR",197981
2021-10-16,"BSAS_LINEA_203",98177
2021-10-16,"BSAS_LINEA_501G",138924
2021-10-16,"FFCC ROCA",263839
2021-10-16,"FFCC SAR",99368
2021-10-17,"BSAS_LINEA_203",59552
2021-10-17,"BSAS_LINEA_501G",79238
2021-10-17,"FFCC ROCA",111812
2021-10-17,"FFCC SAR",31333
2021-10-18,"BSAS_LINEA_203",109081
2021-10-18,"BSAS_LINEA_501G",161426
2021-10-18,"FFCC ROCA",397291
2021-10-18,"FFCC SAR",193143
2021-10-19,"BSAS_LINEA_203",116441
2021-10-19,"BSAS_LINEA_501G",167180
2021-10-19,"FFCC ROCA",392397
2021-10-19,"FFCC SAR",187536
2021-10-20,"BSAS_LINEA_203",116475
2021-10-20,"BSAS_LINEA_501G",170905
2021-10-20,"FFCC ROCA",402999
2021-10-20,"FFCC SAR",196870
2021-10-21,"BSAS_LINEA_203",117344
2021-10-21,"BSAS_LINEA_501G",166871
2021-10-21,"FFCC ROCA",407126
2021-10-21,"FFCC SAR",183325
2021-10-22,"BSAS_LINEA_203",112633
2021-10-22,"BSAS_LINEA_501G",151674
2021-10-22,"FFCC ROCA",398467
2021-10-22,"FFCC SAR",181481
2021-10-23,"BSAS_LINEA_203",92912
2021-10-23,"BSAS_LINEA_501G",125278
2021-10-23,"FFCC ROCA",241000
2021-10-23,"FFCC SAR",72512
2021-10-24,"BSAS_LINEA_203",64578
2021-10-24,"BSAS_LINEA_501G",77776
2021-10-24,"FFCC ROCA",107315
2021-10-24,"FFCC SAR",29226
2021-10-25,"BSAS_LINEA_203",110621
2021-10-25,"BSAS_LINEA_501G",134431
2021-10-25,"FFCC ROCA",395917
2021-10-25,"FFCC SAR",196351
2021-10-26,"BSAS_LINEA_203",112978
2021-10-26,"BSAS_LINEA_501G",165779
2021-10-26,"FFCC ROCA",397169
2021-10-26,"FFCC SAR",199337
2021-10-27,"BSAS_LINEA_203",111621
2021-10-27,"BSAS_LINEA_501G",162148
2021-10-27,"FFCC ROCA",392895
2021-10-27,"FFCC SAR",196025
2021-10-28,"BSAS_LINEA_203",113229
2021-10-28,"BSAS_LINEA_501G",158151
2021-10-28,"FFCC ROCA",397008
2021-10-28,"FFCC SAR",184358
2021-10-29,"BSAS_LINEA_203",119473
2021-10-29,"BSAS_LINEA_501G",166843
2021-10-29,"FFCC ROCA",320664
2021-10-29,"FFCC SAR",193439
2021-10-30,"BSAS_LINEA_203",95023
2021-10-30,"BSAS_LINEA_501G",126485
2021-10-30,"FFCC ROCA",244824
2021-10-30,"FFCC SAR",71265
2021-10-31,"BSAS_LINEA_203",61074
2021-10-31,"BSAS_LINEA_501G",66365
2021-10-31,"FFCC ROCA",96157
2021-10-31,"FFCC SAR",23247
2021-11-01,"BSAS_LINEA_203",110835
2021-11-01,"BSAS_LINEA_501G",161169
2021-11-01,"FFCC ROCA",392574
2021-11-01,"FFCC SAR",170127
2021-11-02,"BSAS_LINEA_203",110027
2021-11-02,"BSAS_LINEA_501G",157279
2021-11-02,"FFCC ROCA",387205
2021-11-02,"FFCC SAR",185267
2021-11-03,"BSAS_LINEA_203",116016
2021-11-03,"BSAS_LINEA_501G",169905
2021-11-03,"FFCC ROCA",398436
2021-11-03,"FFCC SAR",188834
2021-11-04,"BSAS_LINEA_203",120068
2021-11-04,"BSAS_LINEA_501G",171939
2021-11-04,"FFCC ROCA",427533
2021-11-04,"FFCC SAR",186484
2021-11-05,"BSAS_LINEA_203",123406
2021-11-05,"BSAS_LINEA_501G",178984
2021-11-05,"FFCC ROCA",446048
2021-11-05,"FFCC SAR",191374
2021-11-06,"BSAS_LINEA_203",102005
2021-11-06,"BSAS_LINEA_501G",140423
2021-11-06,"FFCC ROCA",294646
2021-11-06,"FFCC SAR",97222
2021-11-07,"BSAS_LINEA_203",70491
2021-11-07,"BSAS_LINEA_501G",78160
2021-11-07,"FFCC ROCA",113579
2021-11-07,"FFCC SAR",26205
2021-11-08,"BSAS_LINEA_203",116921
2021-11-08,"BSAS_LINEA_501G",170353
2021-11-08,"FFCC ROCA",424677
2021-11-08,"FFCC SAR",211565
2021-11-09,"BSAS_LINEA_203",120225
2021-11-09,"BSAS_LINEA_501G",174231
2021-11-09,"FFCC ROCA",425523
2021-11-09,"FFCC SAR",215114
2021-11-10,"BSAS_LINEA_203",122977
2021-11-10,"BSAS_LINEA_501G",177297
2021-11-10,"FFCC ROCA",435807
2021-11-10,"FFCC SAR",217035
2021-11-11,"BSAS_LINEA_203",119387
2021-11-11,"BSAS_LINEA_501G",173419
2021-11-11,"FFCC ROCA",434146
2021-11-11,"FFCC SAR",186063
2021-11-12,"BSAS_LINEA_203",123337
2021-11-12,"BSAS_LINEA_501G",178398
2021-11-12,"FFCC ROCA",439436
2021-11-12,"FFCC SAR",206412
2021-11-13,"BSAS_LINEA_203",94649
2021-11-13,"BSAS_LINEA_501G",131711
2021-11-13,"FFCC ROCA",274436
2021-11-13,"FFCC SAR",90792
2021-11-14,"BSAS_LINEA_203",4037
2021-11-14,"BSAS_LINEA_501G",822
2021-11-14,"FFCC ROCA",655
2021-11-14,"FFCC SAR",3950
2021-11-15,"BSAS_LINEA_203",109457
2021-11-15,"BSAS_LINEA_501G",166921
2021-11-15,"FFCC ROCA",412413
2021-11-15,"FFCC SAR",220751
2021-11-16,"BSAS_LINEA_203",111908
2021-11-16,"BSAS_LINEA_501G",162514
2021-11-16,"FFCC ROCA",406902
2021-11-16,"FFCC SAR",198056
2021-11-17,"BSAS_LINEA_203",122028
2021-11-17,"BSAS_LINEA_501G",174850
2021-11-17,"FFCC ROCA",424822
2021-11-17,"FFCC SAR",207234
2021-11-18,"BSAS_LINEA_203",120774
2021-11-18,"BSAS_LINEA_501G",174693
2021-11-18,"FFCC ROCA",433353
2021-11-18,"FFCC SAR",179223
2021-11-19,"BSAS_LINEA_203",129142
2021-11-19,"BSAS_LINEA_501G",178167
2021-11-19,"FFCC ROCA",446548
2021-11-19,"FFCC SAR",205407
2021-11-20,"BSAS_LINEA_203",93107
2021-11-20,"BSAS_LINEA_501G",118660
2021-11-20,"FFCC ROCA",258367
2021-11-20,"FFCC SAR",84128
2021-11-21,"BSAS_LINEA_203",65707
2021-11-21,"BSAS_LINEA_501G",73054
2021-11-21,"FFCC ROCA",108399
2021-11-21,"FFCC SAR",24151
2021-11-22,"BSAS_LINEA_203",68425
2021-11-22,"BSAS_LINEA_501G",73931
2021-11-22,"FFCC ROCA",118039
2021-11-22,"FFCC SAR",38855
2021-11-23,"BSAS_LINEA_203",119595
2021-11-23,"BSAS_LINEA_501G",169186
2021-11-23,"FFCC ROCA",446577
2021-11-23,"FFCC SAR",212585
2021-11-24,"BSAS_LINEA_203",118458
2021-11-24,"BSAS_LINEA_501G",167010
2021-11-24,"FFCC ROCA",426580
2021-11-24,"FFCC SAR",201920
2021-11-25,"BSAS_LINEA_203",106818
2021-11-25,"BSAS_LINEA_501G",143917
2021-11-25,"FFCC ROCA",388114
2021-11-25,"FFCC SAR",180768
2021-11-26,"BSAS_LINEA_203",125664
2021-11-26,"BSAS_LINEA_501G",174197
2021-11-26,"FFCC ROCA",442496
2021-11-26,"FFCC SAR",202194
2021-11-27,"BSAS_LINEA_203",98066
2021-11-27,"BSAS_LINEA_501G",125848
2021-11-27,"FFCC ROCA",264506
2021-11-27,"FFCC SAR",76767
2021-11-28,"BSAS_LINEA_203",42212
2021-11-28,"BSAS_LINEA_501G",39230
2021-11-28,"FFCC ROCA",74244
2021-11-28,"FFCC SAR",11827
2021-11-29,"BSAS_LINEA_203",113162
2021-11-29,"BSAS_LINEA_501G",160068
2021-11-29,"FFCC ROCA",403415
2021-11-29,"FFCC SAR",220249
2021-11-30,"BSAS_LINEA_203",122355
2021-11-30,"BSAS_LINEA_501G",167227
2021-11-30,"FFCC ROCA",431007
2021-11-30,"FFCC SAR",220055
2021-12-01,"BSAS_LINEA_203",121120
2021-12-01,"BSAS_LINEA_501G",166687
2021-12-01,"FFCC ROCA",426239
2021-12-01,"FFCC SAR",231347
2021-12-02,"BSAS_LINEA_203",118947
2021-12-02,"BSAS_LINEA_501G",150877
2021-12-02,"FFCC ROCA",438529
2021-12-02,"FFCC SAR",218603
2021-12-03,"BSAS_LINEA_203",126145
2021-12-03,"BSAS_LINEA_501G",169250
2021-12-03,"FFCC ROCA",455098
2021-12-03,"FFCC SAR",223107
2021-12-04,"BSAS_LINEA_203",104022
2021-12-04,"BSAS_LINEA_501G",133268
2021-12-04,"FFCC ROCA",281023
2021-12-04,"FFCC SAR",96842
2021-12-05,"BSAS_LINEA_203",68350
2021-12-05,"BSAS_LINEA_501G",70468
2021-12-05,"FFCC ROCA",96321
2021-12-05,"FFCC SAR",26248
2021-12-06,"BSAS_LINEA_203",120343
2021-12-06,"BSAS_LINEA_501G",169134
2021-12-06,"FFCC ROCA",447378
2021-12-06,"FFCC SAR",244992
2021-12-07,"BSAS_LINEA_203",127331
2021-12-07,"BSAS_LINEA_501G",176011
2021-12-07,"FFCC ROCA",474721
2021-12-07,"FFCC SAR",258419
2021-12-08,"BSAS_LINEA_203",81561
2021-12-08,"BSAS_LINEA_501G",92149
2021-12-08,"FFCC ROCA",164447
2021-12-08,"FFCC SAR",74150
2021-12-09,"BSAS_LINEA_203",124955
2021-12-09,"BSAS_LINEA_501G",171224
2021-12-09,"FFCC ROCA",469353
2021-12-09,"FFCC SAR",239844
2021-12-10,"BSAS_LINEA_203",58915
2021-12-10,"BSAS_LINEA_501G",75909
2021-12-10,"FFCC ROCA",201570
2021-12-10,"FFCC SAR",98163
2021-12-11,"BSAS_LINEA_203",104739
2021-12-11,"BSAS_LINEA_501G",139959
2021-12-11,"FFCC ROCA",166349
2021-12-11,"FFCC SAR",86602
2021-12-12,"BSAS_LINEA_203",68034
2021-12-12,"BSAS_LINEA_501G",69261
2021-12-12,"FFCC ROCA",34421
2021-12-12,"FFCC SAR",30978
2021-12-13,"BSAS_LINEA_203",118176
2021-12-13,"BSAS_LINEA_501G",164848
2021-12-13,"FFCC ROCA",441088
2021-12-13,"FFCC SAR",233022
2021-12-14,"BSAS_LINEA_203",117095
2021-12-14,"BSAS_LINEA_501G",163826
2021-12-14,"FFCC ROCA",439721
2021-12-14,"FFCC SAR",234252
2021-12-15,"BSAS_LINEA_203",121669
2021-12-15,"BSAS_LINEA_501G",165646
2021-12-15,"FFCC ROCA",437047
2021-12-15,"FFCC SAR",213035
2021-12-16,"BSAS_LINEA_203",124548
2021-12-16,"BSAS_LINEA_501G",126828
2021-12-16,"FFCC ROCA",311050
2021-12-16,"FFCC SAR",217846
2021-12-17,"BSAS_LINEA_203",129994
2021-12-17,"BSAS_LINEA_501G",173603
2021-12-17,"FFCC ROCA",450303
2021-12-17,"FFCC SAR",203136
2021-12-18,"BSAS_LINEA_203",109435
2021-12-18,"BSAS_LINEA_501G",145044
2021-12-18,"FFCC ROCA",299359
2021-12-18,"FFCC SAR",109661
2021-12-19,"BSAS_LINEA_203",77835
2021-12-19,"BSAS_LINEA_501G",79906
2021-12-19,"FFCC ROCA",115343
2021-12-19,"FFCC SAR",28399
2021-12-20,"BSAS_LINEA_203",120869
2021-12-20,"BSAS_LINEA_501G",165200
2021-12-20,"FFCC ROCA",477857
2021-12-20,"FFCC SAR",254111
2021-12-21,"BSAS_LINEA_203",124739
2021-12-21,"BSAS_LINEA_501G",170239
2021-12-21,"FFCC ROCA",464582
2021-12-21,"FFCC SAR",253989
2021-12-22,"BSAS_LINEA_203",123634
2021-12-22,"BSAS_LINEA_501G",169599
2021-12-22,"FFCC ROCA",460567
2021-12-22,"FFCC SAR",217909
2021-12-23,"BSAS_LINEA_203",126849
2021-12-23,"BSAS_LINEA_501G",163179
2021-12-23,"FFCC ROCA",431984
2021-12-23,"FFCC SAR",204077
2021-12-24,"BSAS_LINEA_203",60129
2021-12-24,"BSAS_LINEA_501G",103599
2021-12-24,"FFCC ROCA",204320
2021-12-24,"FFCC SAR",86972
2021-12-25,"BSAS_LINEA_203",34025
2021-12-25,"BSAS_LINEA_501G",34848
2021-12-25,"FFCC ROCA",50541
2021-12-25,"FFCC SAR",6442
2021-12-26,"BSAS_LINEA_203",56785
2021-12-26,"BSAS_LINEA_501G",52902
2021-12-26,"FFCC ROCA",78060
2021-12-26,"FFCC SAR",16638
2021-12-27,"BSAS_LINEA_203",98296
2021-12-27,"BSAS_LINEA_501G",128705
2021-12-27,"FFCC ROCA",365883
2021-12-27,"FFCC SAR",189928
2021-12-28,"BSAS_LINEA_203",94933
2021-12-28,"BSAS_LINEA_501G",131193
2021-12-28,"FFCC ROCA",354310
2021-12-28,"FFCC SAR",170353
2021-12-29,"BSAS_LINEA_203",95327
2021-12-29,"BSAS_LINEA_501G",134312
2021-12-29,"FFCC ROCA",358016
2021-12-29,"FFCC SAR",171670
2021-12-30,"BSAS_LINEA_203",92545
2021-12-30,"BSAS_LINEA_501G",139583
2021-12-30,"FFCC ROCA",339263
2021-12-30,"FFCC SAR",166159
2021-12-31,"BSAS_LINEA_203",47510
2021-12-31,"BSAS_LINEA_501G",90769
2021-12-31,"FFCC ROCA",164881
2021-12-31,"FFCC SAR",70540
2022-01-01,"BSAS_LINEA_203",25805
2022-01-01,"BSAS_LINEA_501G",29218
2022-01-01,"FFCC ROCA",41647
2022-01-01,"FFCC SAR",4951
2022-01-02,"BSAS_LINEA_203",50090
2022-01-02,"BSAS_LINEA_501G",55529
2022-01-02,"FFCC ROCA",69900
2022-01-02,"FFCC SAR",9466
2022-01-03,"BSAS_LINEA_203",83840
2022-01-03,"BSAS_LINEA_501G",114925
2022-01-03,"FFCC ROCA",303404
2022-01-03,"FFCC SAR",145551
2022-01-04,"BSAS_LINEA_203",86797
2022-01-04,"BSAS_LINEA_501G",118814
2022-01-04,"FFCC ROCA",314458
2022-01-04,"FFCC SAR",154888
2022-01-05,"BSAS_LINEA_203",90546
2022-01-05,"BSAS_LINEA_501G",125771
2022-01-05,"FFCC ROCA",327215
2022-01-05,"FFCC SAR",124802
2022-01-06,"BSAS_LINEA_203",89056
2022-01-06,"BSAS_LINEA_501G",123204
2022-01-06,"FFCC ROCA",312831
2022-01-06,"FFCC SAR",95295
2022-01-07,"BSAS_LINEA_203",91228
2022-01-07,"BSAS_LINEA_501G",123243
2022-01-07,"FFCC ROCA",305081
2022-01-07,"FFCC SAR",114599
2022-01-08,"BSAS_LINEA_203",74534
2022-01-08,"BSAS_LINEA_501G",97702
2022-01-08,"FFCC ROCA",170710
2022-01-08,"FFCC SAR",51551
2022-01-09,"BSAS_LINEA_203",55148
2022-01-09,"BSAS_LINEA_501G",54868
2022-01-09,"FFCC ROCA",64391
2022-01-09,"FFCC SAR",17055
2022-01-10,"BSAS_LINEA_203",87289
2022-01-10,"BSAS_LINEA_501G",110357
2022-01-10,"FFCC ROCA",267930
2022-01-10,"FFCC SAR",73760
2022-01-11,"BSAS_LINEA_203",84276
2022-01-11,"BSAS_LINEA_501G",104693
2022-01-11,"FFCC ROCA",238729
2022-01-11,"FFCC SAR",61864
2022-01-12,"BSAS_LINEA_203",87424
2022-01-12,"BSAS_LINEA_501G",109945
2022-01-12,"FFCC ROCA",254828
2022-01-12,"FFCC SAR",84799
2022-01-13,"BSAS_LINEA_203",94624
2022-01-13,"BSAS_LINEA_501G",105748
2022-01-13,"FFCC ROCA",243625
2022-01-13,"FFCC SAR",82603
2022-01-14,"BSAS_LINEA_203",89924
2022-01-14,"BSAS_LINEA_501G",104899
2022-01-14,"FFCC ROCA",221959
2022-01-14,"FFCC SAR",68949
2022-01-15,"BSAS_LINEA_203",65685
2022-01-15,"BSAS_LINEA_501G",79970
2022-01-15,"FFCC ROCA",125344
2022-01-15,"FFCC SAR",19650
2022-01-16,"BSAS_LINEA_203",45684
2022-01-16,"BSAS_LINEA_501G",43273
2022-01-16,"FFCC ROCA",45375
2022-01-16,"FFCC SAR",4448
2022-01-17,"BSAS_LINEA_203",86186
2022-01-17,"BSAS_LINEA_501G",111083
2022-01-17,"FFCC ROCA",262051
2022-01-17,"FFCC SAR",88518
2022-01-18,"BSAS_LINEA_203",81470
2022-01-18,"BSAS_LINEA_501G",102640
2022-01-18,"FFCC ROCA",264714
2022-01-18,"FFCC SAR",99821
2022-01-19,"BSAS_LINEA_203",87409
2022-01-19,"BSAS_LINEA_501G",107001
2022-01-19,"FFCC ROCA",261385
2022-01-19,"FFCC SAR",99961
2022-01-20,"BSAS_LINEA_203",93102
2022-01-20,"BSAS_LINEA_501G",112241
2022-01-20,"FFCC ROCA",247341
2022-01-20,"FFCC SAR",81319
2022-01-21,"BSAS_LINEA_203",94435
2022-01-21,"BSAS_LINEA_501G",117488
2022-01-21,"FFCC ROCA",271512
2022-01-21,"FFCC SAR",88240
2022-01-22,"BSAS_LINEA_203",65929
2022-01-22,"BSAS_LINEA_501G",86116
2022-01-22,"FFCC ROCA",147823
2022-01-22,"FFCC SAR",31674
2022-01-23,"BSAS_LINEA_203",48891
2022-01-23,"BSAS_LINEA_501G",51280
2022-01-23,"FFCC ROCA",56025
2022-01-23,"FFCC SAR",7837
2022-01-24,"BSAS_LINEA_203",94663
2022-01-24,"BSAS_LINEA_501G",108589
2022-01-24,"FFCC ROCA",299376
2022-01-24,"FFCC SAR",90223
2022-01-25,"BSAS_LINEA_203",88848
2022-01-25,"BSAS_LINEA_501G",96563
2022-01-25,"FFCC ROCA",291058
2022-01-25,"FFCC SAR",112214
2022-01-26,"BSAS_LINEA_203",90986
2022-01-26,"BSAS_LINEA_501G",104820
2022-01-26,"FFCC ROCA",296833
2022-01-26,"FFCC SAR",126774
2022-01-27,"BSAS_LINEA_203",101060
2022-01-27,"BSAS_LINEA_501G",119453
2022-01-27,"FFCC ROCA",326738
2022-01-27,"FFCC SAR",117553
2022-01-28,"BSAS_LINEA_203",104342
2022-01-28,"BSAS_LINEA_501G",128869
2022-01-28,"FFCC ROCA",332142
2022-01-28,"FFCC SAR",130005
2022-01-29,"BSAS_LINEA_203",84406
2022-01-29,"BSAS_LINEA_501G",104118
2022-01-29,"FFCC ROCA",203205
2022-01-29,"FFCC SAR",60707
2022-01-30,"BSAS_LINEA_203",61892
2022-01-30,"BSAS_LINEA_501G",63135
2022-01-30,"FFCC ROCA",88379
2022-01-30,"FFCC SAR",16188
2022-01-31,"BSAS_LINEA_203",97593
2022-01-31,"BSAS_LINEA_501G",125250
2022-01-31,"FFCC ROCA",331194
2022-01-31,"FFCC SAR",136036
2022-02-01,"BSAS_LINEA_203",101638
2022-02-01,"BSAS_LINEA_501G",127952
2022-02-01,"FFCC ROCA",352587
2022-02-01,"FFCC SAR",158032
2022-02-02,"BSAS_LINEA_203",103112
2022-02-02,"BSAS_LINEA_501G",127528
2022-02-02,"FFCC ROCA",344277
2022-02-02,"FFCC SAR",153006
2022-02-03,"BSAS_LINEA_203",88829
2022-02-03,"BSAS_LINEA_501G",105830
2022-02-03,"FFCC ROCA",309989
2022-02-03,"FFCC SAR",122246
2022-02-04,"BSAS_LINEA_203",110383
2022-02-04,"BSAS_LINEA_501G",141003
2022-02-04,"FFCC ROCA",367099
2022-02-04,"FFCC SAR",151062
2022-02-05,"BSAS_LINEA_203",86532
2022-02-05,"BSAS_LINEA_501G",113708
2022-02-05,"FFCC ROCA",214118
2022-02-05,"FFCC SAR",51698
2022-02-06,"BSAS_LINEA_203",65710
2022-02-06,"BSAS_LINEA_501G",68806
2022-02-06,"FFCC ROCA",93371
2022-02-06,"FFCC SAR",23853
2022-02-07,"BSAS_LINEA_203",103902
2022-02-07,"BSAS_LINEA_501G",136949
2022-02-07,"FFCC ROCA",383402
2022-02-07,"FFCC SAR",146688
2022-02-08,"BSAS_LINEA_203",105790
2022-02-08,"BSAS_LINEA_501G",140514
2022-02-08,"FFCC ROCA",393904
2022-02-08,"FFCC SAR",206740
2022-02-09,"BSAS_LINEA_203",107814
2022-02-09,"BSAS_LINEA_501G",140957
2022-02-09,"FFCC ROCA",385180
2022-02-09,"FFCC SAR",198813
2022-02-10,"BSAS_LINEA_203",105557
2022-02-10,"BSAS_LINEA_501G",140197
2022-02-10,"FFCC ROCA",385793
2022-02-10,"FFCC SAR",175533
2022-02-11,"BSAS_LINEA_203",106705
2022-02-11,"BSAS_LINEA_501G",136362
2022-02-11,"FFCC ROCA",377987
2022-02-11,"FFCC SAR",163682
2022-02-12,"BSAS_LINEA_203",90777
2022-02-12,"BSAS_LINEA_501G",118868
2022-02-12,"FFCC ROCA",226766
2022-02-12,"FFCC SAR",68397
2022-02-13,"BSAS_LINEA_203",70446
2022-02-13,"BSAS_LINEA_501G",71092
2022-02-13,"FFCC ROCA",100425
2022-02-13,"FFCC SAR",16288
2022-02-14,"BSAS_LINEA_203",111906
2022-02-14,"BSAS_LINEA_501G",145994
2022-02-14,"FFCC ROCA",406163
2022-02-14,"FFCC SAR",194672
2022-02-15,"BSAS_LINEA_203",105568
2022-02-15,"BSAS_LINEA_501G",141177
2022-02-15,"FFCC ROCA",406488
2022-02-15,"FFCC SAR",205568
2022-02-16,"BSAS_LINEA_203",108506
2022-02-16,"BSAS_LINEA_501G",136983
2022-02-16,"FFCC ROCA",380122
2022-02-16,"FFCC SAR",32854
2022-02-17,"BSAS_LINEA_203",111014
2022-02-17,"BSAS_LINEA_501G",142855
2022-02-17,"FFCC ROCA",378827
2022-02-17,"FFCC SAR",180031
2022-02-18,"BSAS_LINEA_203",116273
2022-02-18,"BSAS_LINEA_501G",147824
2022-02-18,"FFCC ROCA",409747
2022-02-18,"FFCC SAR",183540
2022-02-19,"BSAS_LINEA_203",94489
2022-02-19,"BSAS_LINEA_501G",122617
2022-02-19,"FFCC ROCA",244639
2022-02-19,"FFCC SAR",63854
2022-02-20,"BSAS_LINEA_203",53359
2022-02-20,"BSAS_LINEA_501G",49918
2022-02-20,"FFCC ROCA",78942
2022-02-20,"FFCC SAR",14666
2022-02-21,"BSAS_LINEA_203",109429
2022-02-21,"BSAS_LINEA_501G",143352
2022-02-21,"FFCC ROCA",399063
2022-02-21,"FFCC SAR",204508
2022-02-22,"BSAS_LINEA_203",111743
2022-02-22,"BSAS_LINEA_501G",147052
2022-02-22,"FFCC ROCA",401346
2022-02-22,"FFCC SAR",198602
2022-02-23,"BSAS_LINEA_203",113324
2022-02-23,"BSAS_LINEA_501G",147599
2022-02-23,"FFCC ROCA",400630
2022-02-23,"FFCC SAR",187431
2022-02-24,"BSAS_LINEA_203",106500
2022-02-24,"BSAS_LINEA_501G",119292
2022-02-24,"FFCC ROCA",350457
2022-02-24,"FFCC SAR",149301
2022-02-25,"BSAS_LINEA_203",120205
2022-02-25,"BSAS_LINEA_501G",158400
2022-02-25,"FFCC ROCA",432886
2022-02-25,"FFCC SAR",193721
2022-02-26,"BSAS_LINEA_203",87626
2022-02-26,"BSAS_LINEA_501G",115674
2022-02-26,"FFCC ROCA",228370
2022-02-26,"FFCC SAR",64525
2022-02-27,"BSAS_LINEA_203",49915
2022-02-27,"BSAS_LINEA_501G",44702
2022-02-27,"FFCC ROCA",71689
2022-02-27,"FFCC SAR",13628
2022-02-28,"BSAS_LINEA_203",84106
2022-02-28,"BSAS_LINEA_501G",90013
2022-02-28,"FFCC ROCA",149729
2022-02-28,"FFCC SAR",46493
2022-03-01,"BSAS_LINEA_203",80892
2022-03-01,"BSAS_LINEA_501G",89196
2022-03-01,"FFCC ROCA",152012
2022-03-01,"FFCC SAR",47956
2022-03-02,"BSAS_LINEA_203",119410
2022-03-02,"BSAS_LINEA_501G",168231
2022-03-02,"FFCC ROCA",409801
2022-03-02,"FFCC SAR",194669
2022-03-03,"BSAS_LINEA_203",121835
2022-03-03,"BSAS_LINEA_501G",160933
2022-03-03,"FFCC ROCA",415400
2022-03-03,"FFCC SAR",193591
2022-03-04,"BSAS_LINEA_203",125151
2022-03-04,"BSAS_LINEA_501G",166288
2022-03-04,"FFCC ROCA",425408
2022-03-04,"FFCC SAR",185687
2022-03-05,"BSAS_LINEA_203",97350
2022-03-05,"BSAS_LINEA_501G",119768
2022-03-05,"FFCC ROCA",233271
2022-03-05,"FFCC SAR",83950
2022-03-06,"BSAS_LINEA_203",69062
2022-03-06,"BSAS_LINEA_501G",70085
2022-03-06,"FFCC ROCA",103071
2022-03-06,"FFCC SAR",26892
2022-03-07,"BSAS_LINEA_203",117519
2022-03-07,"BSAS_LINEA_501G",154578
2022-03-07,"FFCC ROCA",396036
2022-03-07,"FFCC SAR",206722
2022-03-08,"BSAS_LINEA_203",126175
2022-03-08,"BSAS_LINEA_501G",158399
2022-03-08,"FFCC ROCA",444427
2022-03-08,"FFCC SAR",100672
2022-03-09,"BSAS_LINEA_203",105304
2022-03-09,"BSAS_LINEA_501G",123847
2022-03-09,"FFCC ROCA",369334
2022-03-09,"FFCC SAR",176289
2022-03-10,"BSAS_LINEA_203",131430
2022-03-10,"BSAS_LINEA_501G",175628
2022-03-10,"FFCC ROCA",471499
2022-03-10,"FFCC SAR",221454
2022-03-11,"BSAS_LINEA_203",132122
2022-03-11,"BSAS_LINEA_501G",175493
2022-03-11,"FFCC ROCA",454366
2022-03-11,"FFCC SAR",209239
2022-03-12,"BSAS_LINEA_203",107851
2022-03-12,"BSAS_LINEA_501G",132892
2022-03-12,"FFCC ROCA",280200
2022-03-12,"FFCC SAR",102680
2022-03-13,"BSAS_LINEA_203",75925
2022-03-13,"BSAS_LINEA_501G",75973
2022-03-13,"FFCC ROCA",112554
2022-03-13,"FFCC SAR",32272
2022-03-14,"BSAS_LINEA_203",126573
2022-03-14,"BSAS_LINEA_501G",171454
2022-03-14,"FFCC ROCA",442441
2022-03-14,"FFCC SAR",218898
2022-03-15,"BSAS_LINEA_203",130707
2022-03-15,"BSAS_LINEA_501G",129418
2022-03-15,"FFCC ROCA",454850
2022-03-15,"FFCC SAR",231830
2022-03-16,"BSAS_LINEA_203",129615
2022-03-16,"BSAS_LINEA_501G",172553
2022-03-16,"FFCC ROCA",472806
2022-03-16,"FFCC SAR",229394
2022-03-17,"BSAS_LINEA_203",128429
2022-03-17,"BSAS_LINEA_501G",170090
2022-03-17,"FFCC ROCA",462499
2022-03-17,"FFCC SAR",221947
2022-03-18,"BSAS_LINEA_203",121095
2022-03-18,"BSAS_LINEA_501G",154708
2022-03-18,"FFCC ROCA",426156
2022-03-18,"FFCC SAR",203316
2022-03-19,"BSAS_LINEA_203",109374
2022-03-19,"BSAS_LINEA_501G",132385
2022-03-19,"FFCC ROCA",280247
2022-03-19,"FFCC SAR",110842
2022-03-20,"BSAS_LINEA_203",73648
2022-03-20,"BSAS_LINEA_501G",69824
2022-03-20,"FFCC ROCA",105856
2022-03-20,"FFCC SAR",30669
2022-03-21,"BSAS_LINEA_203",125489
2022-03-21,"BSAS_LINEA_501G",166855
2022-03-21,"FFCC ROCA",451103
2022-03-21,"FFCC SAR",231895
2022-03-22,"BSAS_LINEA_203",125773
2022-03-22,"BSAS_LINEA_501G",170561
2022-03-22,"FFCC ROCA",461497
2022-03-22,"FFCC SAR",238081
2022-03-23,"BSAS_LINEA_203",132967
2022-03-23,"BSAS_LINEA_501G",181593
2022-03-23,"FFCC ROCA",473009
2022-03-23,"FFCC SAR",237020
2022-03-24,"BSAS_LINEA_203",71649
2022-03-24,"BSAS_LINEA_501G",73983
2022-03-24,"FFCC ROCA",160201
2022-03-24,"FFCC SAR",71943
2022-03-25,"BSAS_LINEA_203",124934
2022-03-25,"BSAS_LINEA_501G",160817
2022-03-25,"FFCC ROCA",436967
2022-03-25,"FFCC SAR",221383
2022-03-26,"BSAS_LINEA_203",100626
2022-03-26,"BSAS_LINEA_501G",128456
2022-03-26,"FFCC ROCA",264672
2022-03-26,"FFCC SAR",128420
2022-03-27,"BSAS_LINEA_203",74850
2022-03-27,"BSAS_LINEA_501G",77331
2022-03-27,"FFCC ROCA",107871
2022-03-27,"FFCC SAR",33071
2022-03-28,"BSAS_LINEA_203",129219
2022-03-28,"BSAS_LINEA_501G",173272
2022-03-28,"FFCC ROCA",471423
2022-03-28,"FFCC SAR",246014
2022-03-29,"BSAS_LINEA_203",132245
2022-03-29,"BSAS_LINEA_501G",165987
2022-03-29,"FFCC ROCA",168113
2022-03-29,"FFCC SAR",81485
2022-03-30,"BSAS_LINEA_203",130677
2022-03-30,"BSAS_LINEA_501G",157738
2022-03-30,"FFCC ROCA",495506
2022-03-30,"FFCC SAR",250816
2022-03-31,"BSAS_LINEA_203",133257
2022-03-31,"BSAS_LINEA_501G",165064
2022-03-31,"FFCC ROCA",501527
2022-03-31,"FFCC SAR",253131
2022-04-01,"BSAS_LINEA_203",140235
2022-04-01,"BSAS_LINEA_501G",169117
2022-04-01,"FFCC ROCA",491300
2022-04-01,"FFCC SAR",248483
2022-04-02,"BSAS_LINEA_203",96422
2022-04-02,"BSAS_LINEA_501G",109572
2022-04-02,"FFCC ROCA",212444
2022-04-02,"FFCC SAR",108647
2022-04-03,"BSAS_LINEA_203",71017
2022-04-03,"BSAS_LINEA_501G",72057
2022-04-03,"FFCC ROCA",109550
2022-04-03,"FFCC SAR",36971
2022-04-04,"BSAS_LINEA_203",130025
2022-04-04,"BSAS_LINEA_501G",170108
2022-04-04,"FFCC ROCA",481212
2022-04-04,"FFCC SAR",250196
2022-04-05,"BSAS_LINEA_203",135476
2022-04-05,"BSAS_LINEA_501G",181413
2022-04-05,"FFCC ROCA",514407
2022-04-05,"FFCC SAR",251611
2022-04-06,"BSAS_LINEA_203",136014
2022-04-06,"BSAS_LINEA_501G",176782
2022-04-06,"FFCC ROCA",514678
2022-04-06,"FFCC SAR",261451
2022-04-07,"BSAS_LINEA_203",141017
2022-04-07,"BSAS_LINEA_501G",174143
2022-04-07,"FFCC ROCA",502755
2022-04-07,"FFCC SAR",259931
2022-04-08,"BSAS_LINEA_203",142389
2022-04-08,"BSAS_LINEA_501G",183121
2022-04-08,"FFCC ROCA",524935
2022-04-08,"FFCC SAR",248524
2022-04-09,"BSAS_LINEA_203",110960
2022-04-09,"BSAS_LINEA_501G",137762
2022-04-09,"FFCC ROCA",312952
2022-04-09,"FFCC SAR",158283
2022-04-10,"BSAS_LINEA_203",76385
2022-04-10,"BSAS_LINEA_501G",78328
2022-04-10,"FFCC ROCA",115149
2022-04-10,"FFCC SAR",34880
2022-04-11,"BSAS_LINEA_203",127580
2022-04-11,"BSAS_LINEA_501G",165329
2022-04-11,"FFCC ROCA",484197
2022-04-11,"FFCC SAR",245344
2022-04-12,"BSAS_LINEA_203",135726
2022-04-12,"BSAS_LINEA_501G",176161
2022-04-12,"FFCC ROCA",521564
2022-04-12,"FFCC SAR",258880
2022-04-13,"BSAS_LINEA_203",140475
2022-04-13,"BSAS_LINEA_501G",180644
2022-04-13,"FFCC ROCA",535299
2022-04-13,"FFCC SAR",277292
2022-04-14,"BSAS_LINEA_203",105337
2022-04-14,"BSAS_LINEA_501G",124945
2022-04-14,"FFCC ROCA",320440
2022-04-14,"FFCC SAR",185763
2022-04-15,"BSAS_LINEA_203",78884
2022-04-15,"BSAS_LINEA_501G",76711
2022-04-15,"FFCC ROCA",149326
2022-04-15,"FFCC SAR",53999
2022-04-16,"BSAS_LINEA_203",101993
2022-04-16,"BSAS_LINEA_501G",114483
2022-04-16,"FFCC ROCA",253422
2022-04-16,"FFCC SAR",130292
2022-04-17,"BSAS_LINEA_203",71765
2022-04-17,"BSAS_LINEA_501G",69865
2022-04-17,"FFCC ROCA",110989
2022-04-17,"FFCC SAR",31882
2022-04-18,"BSAS_LINEA_203",130135
2022-04-18,"BSAS_LINEA_501G",169964
2022-04-18,"FFCC ROCA",477427
2022-04-18,"FFCC SAR",243440
2022-04-19,"BSAS_LINEA_203",133701
2022-04-19,"BSAS_LINEA_501G",174529
2022-04-19,"FFCC ROCA",502806
2022-04-19,"FFCC SAR",259313
2022-04-20,"BSAS_LINEA_203",134694
2022-04-20,"BSAS_LINEA_501G",175374
2022-04-20,"FFCC ROCA",492538
2022-04-20,"FFCC SAR",243689
2022-04-21,"BSAS_LINEA_203",130457
2022-04-21,"BSAS_LINEA_501G",170304
2022-04-21,"FFCC ROCA",500324
2022-04-21,"FFCC SAR",248260
2022-04-22,"BSAS_LINEA_203",129198
2022-04-22,"BSAS_LINEA_501G",160233
2022-04-22,"FFCC ROCA",484944
2022-04-22,"FFCC SAR",240568
2022-04-23,"BSAS_LINEA_203",108045
2022-04-23,"BSAS_LINEA_501G",131953
2022-04-23,"FFCC ROCA",298587
2022-04-23,"FFCC SAR",153099
2022-04-24,"BSAS_LINEA_203",72914
2022-04-24,"BSAS_LINEA_501G",75357
2022-04-24,"FFCC ROCA",116646
2022-04-24,"FFCC SAR",26048
2022-04-25,"BSAS_LINEA_203",111632
2022-04-25,"BSAS_LINEA_501G",143925
2022-04-25,"FFCC ROCA",442932
2022-04-25,"FFCC SAR",218444
2022-04-26,"BSAS_LINEA_203",123613
2022-04-26,"BSAS_LINEA_501G",164673
2022-04-26,"FFCC ROCA",476982
2022-04-26,"FFCC SAR",243480
2022-04-27,"BSAS_LINEA_203",125584
2022-04-27,"BSAS_LINEA_501G",160283
2022-04-27,"FFCC ROCA",476084
2022-04-27,"FFCC SAR",129022
2022-04-28,"BSAS_LINEA_203",131936
2022-04-28,"BSAS_LINEA_501G",171948
2022-04-28,"FFCC ROCA",493113
2022-04-28,"FFCC SAR",255781
2022-04-29,"BSAS_LINEA_203",136479
2022-04-29,"BSAS_LINEA_501G",171068
2022-04-29,"FFCC ROCA",502050
2022-04-29,"FFCC SAR",265380
2022-04-30,"BSAS_LINEA_203",103270
2022-04-30,"BSAS_LINEA_501G",124688
2022-04-30,"FFCC ROCA",289597
2022-04-30,"FFCC SAR",140331
2022-05-01,"BSAS_LINEA_203",65069
2022-05-01,"BSAS_LINEA_501G",69059
2022-05-01,"FFCC ROCA",110178
2022-05-01,"FFCC SAR",39386
2022-05-02,"BSAS_LINEA_203",125978
2022-05-02,"BSAS_LINEA_501G",168468
2022-05-02,"FFCC ROCA",487586
2022-05-02,"FFCC SAR",250726
2022-05-03,"BSAS_LINEA_203",125553
2022-05-03,"BSAS_LINEA_501G",169984
2022-05-03,"FFCC ROCA",487308
2022-05-03,"FFCC SAR",256498
2022-05-04,"BSAS_LINEA_203",128675
2022-05-04,"BSAS_LINEA_501G",173414
2022-05-04,"FFCC ROCA",496613
2022-05-04,"FFCC SAR",256569
2022-05-05,"BSAS_LINEA_203",131836
2022-05-05,"BSAS_LINEA_501G",179206
2022-05-05,"FFCC ROCA",519005
2022-05-05,"FFCC SAR",270261
2022-05-06,"BSAS_LINEA_203",134332
2022-05-06,"BSAS_LINEA_501G",182212
2022-05-06,"FFCC ROCA",522874
2022-05-06,"FFCC SAR",265705
2022-05-07,"BSAS_LINEA_203",110417
2022-05-07,"BSAS_LINEA_501G",140552
2022-05-07,"FFCC ROCA",327806
2022-05-07,"FFCC SAR",146307
2022-05-08,"BSAS_LINEA_203",77913
2022-05-08,"BSAS_LINEA_501G",78379
2022-05-08,"FFCC ROCA",123133
2022-05-08,"FFCC SAR",25283
2022-05-09,"BSAS_LINEA_203",129996
2022-05-09,"BSAS_LINEA_501G",178474
2022-05-09,"FFCC ROCA",513946
2022-05-09,"FFCC SAR",251458
2022-05-10,"BSAS_LINEA_203",130451
2022-05-10,"BSAS_LINEA_501G",176518
2022-05-10,"FFCC ROCA",506863
2022-05-10,"FFCC SAR",251075
2022-05-11,"BSAS_LINEA_203",133160
2022-05-11,"BSAS_LINEA_501G",179192
2022-05-11,"FFCC ROCA",513430
2022-05-11,"FFCC SAR",259961
2022-05-12,"BSAS_LINEA_203",133243
2022-05-12,"BSAS_LINEA_501G",178134
2022-05-12,"FFCC ROCA",519848
2022-05-12,"FFCC SAR",273159
2022-05-13,"BSAS_LINEA_203",139137
2022-05-13,"BSAS_LINEA_501G",181578
2022-05-13,"FFCC ROCA",517104
2022-05-13,"FFCC SAR",279577
2022-05-14,"BSAS_LINEA_203",108446
2022-05-14,"BSAS_LINEA_501G",138931
2022-05-14,"FFCC ROCA",304194
2022-05-14,"FFCC SAR",159557
2022-05-15,"BSAS_LINEA_203",74313
2022-05-15,"BSAS_LINEA_501G",77605
2022-05-15,"FFCC ROCA",118245
2022-05-15,"FFCC SAR",45303
2022-05-16,"BSAS_LINEA_203",123225
2022-05-16,"BSAS_LINEA_501G",164614
2022-05-16,"FFCC ROCA",468084
2022-05-16,"FFCC SAR",256576
2022-05-17,"BSAS_LINEA_203",124763
2022-05-17,"BSAS_LINEA_501G",163633
2022-05-17,"FFCC ROCA",478444
2022-05-17,"FFCC SAR",254973
2022-05-18,"BSAS_LINEA_203",32625
2022-05-18,"BSAS_LINEA_501G",29042
2022-05-18,"FFCC ROCA",56897
2022-05-18,"FFCC SAR",15123
2022-05-19,"BSAS_LINEA_203",132889
2022-05-19,"BSAS_LINEA_501G",170922
2022-05-19,"FFCC ROCA",509090
2022-05-19,"FFCC SAR",273382
2022-05-20,"BSAS_LINEA_203",138415
2022-05-20,"BSAS_LINEA_501G",180670
2022-05-20,"FFCC ROCA",514233
2022-05-20,"FFCC SAR",279367
2022-05-21,"BSAS_LINEA_203",111546
2022-05-21,"BSAS_LINEA_501G",139039
2022-05-21,"FFCC ROCA",311150
2022-05-21,"FFCC SAR",175819
2022-05-22,"BSAS_LINEA_203",71715
2022-05-22,"BSAS_LINEA_501G",75467
2022-05-22,"FFCC ROCA",112940
2022-05-22,"FFCC SAR",38287
2022-05-23,"BSAS_LINEA_203",129470
2022-05-23,"BSAS_LINEA_501G",178227
2022-05-23,"FFCC ROCA",499449
2022-05-23,"FFCC SAR",274060
2022-05-24,"BSAS_LINEA_203",132422
2022-05-24,"BSAS_LINEA_501G",174718
2022-05-24,"FFCC ROCA",514768
2022-05-24,"FFCC SAR",279151
2022-05-25,"BSAS_LINEA_203",55514
2022-05-25,"BSAS_LINEA_501G",49714
2022-05-25,"FFCC ROCA",101346
2022-05-25,"FFCC SAR",36927
2022-05-26,"BSAS_LINEA_203",130557
2022-05-26,"BSAS_LINEA_501G",169467
2022-05-26,"FFCC ROCA",505110
2022-05-26,"FFCC SAR",279366
2022-05-27,"BSAS_LINEA_203",137077
2022-05-27,"BSAS_LINEA_501G",178592
2022-05-27,"FFCC ROCA",503799
2022-05-27,"FFCC SAR",280560
2022-05-28,"BSAS_LINEA_203",101750
2022-05-28,"BSAS_LINEA_501G",127306
2022-05-28,"FFCC ROCA",278475
2022-05-28,"FFCC SAR",163854
2022-05-29,"BSAS_LINEA_203",71589
2022-05-29,"BSAS_LINEA_501G",69927
2022-05-29,"FFCC ROCA",108242
2022-05-29,"FFCC SAR",30545
2022-05-30,"BSAS_LINEA_203",125158
2022-05-30,"BSAS_LINEA_501G",161503
2022-05-30,"FFCC ROCA",474826
2022-05-30,"FFCC SAR",253922
2022-05-31,"BSAS_LINEA_203",126045
2022-05-31,"BSAS_LINEA_501G",164650
2022-05-31,"FFCC ROCA",476165
2022-05-31,"FFCC SAR",264209
2022-06-01,"BSAS_LINEA_203",125694
2022-06-01,"BSAS_LINEA_501G",167006
2022-06-01,"FFCC ROCA",473446
2022-06-01,"FFCC SAR",259220
2022-06-02,"BSAS_LINEA_203",129479
2022-06-02,"BSAS_LINEA_501G",168701
2022-06-02,"FFCC ROCA",469031
2022-06-02,"FFCC SAR",246319
2022-06-03,"BSAS_LINEA_203",132665
2022-06-03,"BSAS_LINEA_501G",174968
2022-06-03,"FFCC ROCA",207690
2022-06-03,"FFCC SAR",122749
2022-06-04,"BSAS_LINEA_203",109240
2022-06-04,"BSAS_LINEA_501G",130818
2022-06-04,"FFCC ROCA",297513
2022-06-04,"FFCC SAR",151599
2022-06-05,"BSAS_LINEA_203",73292
2022-06-05,"BSAS_LINEA_501G",75561
2022-06-05,"FFCC ROCA",53
2022-06-05,"FFCC SAR",38902
2022-06-06,"BSAS_LINEA_203",129367
2022-06-06,"BSAS_LINEA_501G",171248
2022-06-06,"FFCC ROCA",491015
2022-06-06,"FFCC SAR",272796
2022-06-07,"BSAS_LINEA_203",129653
2022-06-07,"BSAS_LINEA_501G",175352
2022-06-07,"FFCC ROCA",492954
2022-06-07,"FFCC SAR",274198
2022-06-08,"BSAS_LINEA_203",132675
2022-06-08,"BSAS_LINEA_501G",176037
2022-06-08,"FFCC ROCA",497697
2022-06-08,"FFCC SAR",279061
2022-06-09,"BSAS_LINEA_203",131510
2022-06-09,"BSAS_LINEA_501G",171661
2022-06-09,"FFCC ROCA",514556
2022-06-09,"FFCC SAR",285488
2022-06-10,"BSAS_LINEA_203",136572
2022-06-10,"BSAS_LINEA_501G",177140
2022-06-10,"FFCC ROCA",481499
2022-06-10,"FFCC SAR",283204
2022-06-11,"BSAS_LINEA_203",105393
2022-06-11,"BSAS_LINEA_501G",129487
2022-06-11,"FFCC ROCA",289137
2022-06-11,"FFCC SAR",127329
2022-06-12,"BSAS_LINEA_203",70141
2022-06-12,"BSAS_LINEA_501G",71228
2022-06-12,"FFCC ROCA",115523
2022-06-12,"FFCC SAR",35180
2022-06-13,"BSAS_LINEA_203",128231
2022-06-13,"BSAS_LINEA_501G",173737
2022-06-13,"FFCC ROCA",485271
2022-06-13,"FFCC SAR",274418
2022-06-14,"BSAS_LINEA_203",131308
2022-06-14,"BSAS_LINEA_501G",178341
2022-06-14,"FFCC ROCA",508093
2022-06-14,"FFCC SAR",278887
2022-06-15,"BSAS_LINEA_203",132623
2022-06-15,"BSAS_LINEA_501G",181238
2022-06-15,"FFCC ROCA",514247
2022-06-15,"FFCC SAR",216918
2022-06-16,"BSAS_LINEA_203",137250
2022-06-16,"BSAS_LINEA_501G",182304
2022-06-16,"FFCC ROCA",489005
2022-06-16,"FFCC SAR",303771
2022-06-17,"BSAS_LINEA_203",94546
2022-06-17,"BSAS_LINEA_501G",100933
2022-06-17,"FFCC ROCA",207847
2022-06-17,"FFCC SAR",96974
2022-06-18,"BSAS_LINEA_203",101439
2022-06-18,"BSAS_LINEA_501G",129103
2022-06-18,"FFCC ROCA",279449
2022-06-18,"FFCC SAR",145763
2022-06-19,"BSAS_LINEA_203",66378
2022-06-19,"BSAS_LINEA_501G",74046
2022-06-19,"FFCC ROCA",113296
2022-06-19,"FFCC SAR",28201
2022-06-20,"BSAS_LINEA_203",72564
2022-06-20,"BSAS_LINEA_501G",71413
2022-06-20,"FFCC ROCA",145627
2022-06-20,"FFCC SAR",46395
2022-06-21,"BSAS_LINEA_203",129289
2022-06-21,"BSAS_LINEA_501G",173288
2022-06-21,"FFCC ROCA",503910
2022-06-21,"FFCC SAR",271067
2022-06-22,"BSAS_LINEA_203",126262
2022-06-22,"BSAS_LINEA_501G",169027
2022-06-22,"FFCC ROCA",485866
2022-06-22,"FFCC SAR",258283
2022-06-23,"BSAS_LINEA_203",127684
2022-06-23,"BSAS_LINEA_501G",169487
2022-06-23,"FFCC ROCA",488670
2022-06-23,"FFCC SAR",265833
2022-06-24,"BSAS_LINEA_203",131238
2022-06-24,"BSAS_LINEA_501G",170248
2022-06-24,"FFCC ROCA",504936
2022-06-24,"FFCC SAR",274284
2022-06-25,"BSAS_LINEA_203",103697
2022-06-25,"BSAS_LINEA_501G",124997
2022-06-25,"FFCC ROCA",291715
2022-06-25,"FFCC SAR",91056
2022-06-26,"BSAS_LINEA_203",67710
2022-06-26,"BSAS_LINEA_501G",63784
2022-06-26,"FFCC ROCA",117710
2022-06-26,"FFCC SAR",28785
2022-06-27,"BSAS_LINEA_203",119860
2022-06-27,"BSAS_LINEA_501G",152426
2022-06-27,"FFCC ROCA",450884
2022-06-27,"FFCC SAR",246829
2022-06-28,"BSAS_LINEA_203",126031
2022-06-28,"BSAS_LINEA_501G",167996
2022-06-28,"FFCC ROCA",490180
2022-06-28,"FFCC SAR",261183
2022-06-29,"BSAS_LINEA_203",129966
2022-06-29,"BSAS_LINEA_501G",172426
2022-06-29,"FFCC ROCA",492635
2022-06-29,"FFCC SAR",255581
2022-06-30,"BSAS_LINEA_203",126487
2022-06-30,"BSAS_LINEA_501G",172145
2022-06-30,"FFCC ROCA",497040
2022-06-30,"FFCC SAR",254866
2022-07-01,"BSAS_LINEA_203",127642
2022-07-01,"BSAS_LINEA_501G",162100
2022-07-01,"FFCC ROCA",493691
2022-07-01,"FFCC SAR",258925
2022-07-02,"BSAS_LINEA_203",104826
2022-07-02,"BSAS_LINEA_501G",127054
2022-07-02,"FFCC ROCA",293116
2022-07-02,"FFCC SAR",108689
2022-07-03,"BSAS_LINEA_203",75362
2022-07-03,"BSAS_LINEA_501G",73469
2022-07-03,"FFCC ROCA",109913
2022-07-03,"FFCC SAR",26897
2022-07-04,"BSAS_LINEA_203",134582
2022-07-04,"BSAS_LINEA_501G",165183
2022-07-04,"FFCC ROCA",479533
2022-07-04,"FFCC SAR",245627
2022-07-05,"BSAS_LINEA_203",130543
2022-07-05,"BSAS_LINEA_501G",179027
2022-07-05,"FFCC ROCA",501077
2022-07-05,"FFCC SAR",256258
2022-07-06,"BSAS_LINEA_203",129297
2022-07-06,"BSAS_LINEA_501G",169184
2022-07-06,"FFCC ROCA",487504
2022-07-06,"FFCC SAR",252810
2022-07-07,"BSAS_LINEA_203",129119
2022-07-07,"BSAS_LINEA_501G",170991
2022-07-07,"FFCC ROCA",503302
2022-07-07,"FFCC SAR",265241
2022-07-08,"BSAS_LINEA_203",131505
2022-07-08,"BSAS_LINEA_501G",176035
2022-07-08,"FFCC ROCA",502129
2022-07-08,"FFCC SAR",265396
2022-07-09,"BSAS_LINEA_203",93275
2022-07-09,"BSAS_LINEA_501G",102826
2022-07-09,"FFCC ROCA",215118
2022-07-09,"FFCC SAR",106488
2022-07-10,"BSAS_LINEA_203",69135
2022-07-10,"BSAS_LINEA_501G",64908
2022-07-10,"FFCC ROCA",107963
2022-07-10,"FFCC SAR",31847
2022-07-11,"BSAS_LINEA_203",122549
2022-07-11,"BSAS_LINEA_501G",163801
2022-07-11,"FFCC ROCA",468816
2022-07-11,"FFCC SAR",241176
2022-07-12,"BSAS_LINEA_203",128675
2022-07-12,"BSAS_LINEA_501G",175207
2022-07-12,"FFCC ROCA",482919
2022-07-12,"FFCC SAR",262743
2022-07-13,"BSAS_LINEA_203",134056
2022-07-13,"BSAS_LINEA_501G",177151
2022-07-13,"FFCC ROCA",494326
2022-07-13,"FFCC SAR",254808
2022-07-14,"BSAS_LINEA_203",129436
2022-07-14,"BSAS_LINEA_501G",173454
2022-07-14,"FFCC ROCA",506102
2022-07-14,"FFCC SAR",270251
2022-07-15,"BSAS_LINEA_203",134330
2022-07-15,"BSAS_LINEA_501G",170279
2022-07-15,"FFCC ROCA",483974
2022-07-15,"FFCC SAR",253297
2022-07-16,"BSAS_LINEA_203",99052
2022-07-16,"BSAS_LINEA_501G",115183
2022-07-16,"FFCC ROCA",273320
2022-07-16,"FFCC SAR",136326
2022-07-17,"BSAS_LINEA_203",75807
2022-07-17,"BSAS_LINEA_501G",76628
2022-07-17,"FFCC ROCA",126184
2022-07-17,"FFCC SAR",29682
2022-07-18,"BSAS_LINEA_203",116613
2022-07-18,"BSAS_LINEA_501G",145130
2022-07-18,"FFCC ROCA",455277
2022-07-18,"FFCC SAR",236459
2022-07-19,"BSAS_LINEA_203",123505
2022-07-19,"BSAS_LINEA_501G",136640
2022-07-19,"FFCC ROCA",477496
2022-07-19,"FFCC SAR",256159
2022-07-20,"BSAS_LINEA_203",108370
2022-07-20,"BSAS_LINEA_501G",149445
2022-07-20,"FFCC ROCA",486763
2022-07-20,"FFCC SAR",258993
2022-07-21,"BSAS_LINEA_203",123403
2022-07-21,"BSAS_LINEA_501G",141343
2022-07-21,"FFCC ROCA",472229
2022-07-21,"FFCC SAR",253396
2022-07-22,"BSAS_LINEA_203",129782
2022-07-22,"BSAS_LINEA_501G",151864
2022-07-22,"FFCC ROCA",482906
2022-07-22,"FFCC SAR",260577
2022-07-23,"BSAS_LINEA_203",107191
2022-07-23,"BSAS_LINEA_501G",119943
2022-07-23,"FFCC ROCA",273912
2022-07-23,"FFCC SAR",126629
2022-07-24,"BSAS_LINEA_203",70293
2022-07-24,"BSAS_LINEA_501G",65928
2022-07-24,"FFCC ROCA",112020
2022-07-24,"FFCC SAR",23741
2022-07-25,"BSAS_LINEA_203",95193
2022-07-25,"BSAS_LINEA_501G",111144
2022-07-25,"FFCC ROCA",385664
2022-07-25,"FFCC SAR",202562
2022-07-26,"BSAS_LINEA_203",120052
2022-07-26,"BSAS_LINEA_501G",136469
2022-07-26,"FFCC ROCA",444056
2022-07-26,"FFCC SAR",236962
2022-07-27,"BSAS_LINEA_203",116660
2022-07-27,"BSAS_LINEA_501G",130116
2022-07-27,"FFCC ROCA",397323
2022-07-27,"FFCC SAR",221774
2022-07-28,"BSAS_LINEA_203",119482
2022-07-28,"BSAS_LINEA_501G",141243
2022-07-28,"FFCC ROCA",479074
2022-07-28,"FFCC SAR",259407
2022-07-29,"BSAS_LINEA_203",126995
2022-07-29,"BSAS_LINEA_501G",151913
2022-07-29,"FFCC ROCA",483935
2022-07-29,"FFCC SAR",262680
2022-07-30,"BSAS_LINEA_203",115479
2022-07-30,"BSAS_LINEA_501G",128800
2022-07-30,"FFCC ROCA",308316
2022-07-30,"FFCC SAR",113942
2022-07-31,"BSAS_LINEA_203",85573
2022-07-31,"BSAS_LINEA_501G",82812
2022-07-31,"FFCC ROCA",105518
2022-07-31,"FFCC SAR",36858
2022-08-01,"BSAS_LINEA_203",117892
2022-08-01,"BSAS_LINEA_501G",147530
2022-08-01,"FFCC ROCA",454087
2022-08-01,"FFCC SAR",236732
2022-08-02,"BSAS_LINEA_203",114395
2022-08-02,"BSAS_LINEA_501G",127318
2022-08-02,"FFCC ROCA",442545
2022-08-02,"FFCC SAR",247175
2022-08-03,"BSAS_LINEA_203",111842
2022-08-03,"BSAS_LINEA_501G",148139
2022-08-03,"FFCC ROCA",450135
2022-08-03,"FFCC SAR",247861
2022-08-04,"BSAS_LINEA_203",117531
2022-08-04,"BSAS_LINEA_501G",143836
2022-08-04,"FFCC ROCA",448895
2022-08-04,"FFCC SAR",245359
2022-08-05,"BSAS_LINEA_203",116723
2022-08-05,"BSAS_LINEA_501G",157539
2022-08-05,"FFCC ROCA",468241
2022-08-05,"FFCC SAR",265141
2022-08-06,"BSAS_LINEA_203",95312
2022-08-06,"BSAS_LINEA_501G",113656
2022-08-06,"FFCC ROCA",305171
2022-08-06,"FFCC SAR",135817
2022-08-07,"BSAS_LINEA_203",69338
2022-08-07,"BSAS_LINEA_501G",67448
2022-08-07,"FFCC ROCA",123737
2022-08-07,"FFCC SAR",38055
2022-08-08,"BSAS_LINEA_203",117164
2022-08-08,"BSAS_LINEA_501G",151175
2022-08-08,"FFCC ROCA",480808
2022-08-08,"FFCC SAR",249202
2022-08-09,"BSAS_LINEA_203",112936
2022-08-09,"BSAS_LINEA_501G",153257
2022-08-09,"FFCC ROCA",473716
2022-08-09,"FFCC SAR",225426
2022-08-10,"BSAS_LINEA_203",115980
2022-08-10,"BSAS_LINEA_501G",144211
2022-08-10,"FFCC ROCA",492581
2022-08-10,"FFCC SAR",272416
2022-08-11,"BSAS_LINEA_203",111625
2022-08-11,"BSAS_LINEA_501G",149474
2022-08-11,"FFCC ROCA",463390
2022-08-11,"FFCC SAR",260351
2022-08-12,"BSAS_LINEA_203",112675
2022-08-12,"BSAS_LINEA_501G",155235
2022-08-12,"FFCC ROCA",482937
2022-08-12,"FFCC SAR",260931
2022-08-13,"BSAS_LINEA_203",97029
2022-08-13,"BSAS_LINEA_501G",113523
2022-08-13,"FFCC ROCA",300871
2022-08-13,"FFCC SAR",131098
2022-08-14,"BSAS_LINEA_203",66582
2022-08-14,"BSAS_LINEA_501G",67638
2022-08-14,"FFCC ROCA",139529
2022-08-14,"FFCC SAR",30168
2022-08-15,"BSAS_LINEA_203",58446
2022-08-15,"BSAS_LINEA_501G",50796
2022-08-15,"FFCC ROCA",37
2022-08-15,"FFCC SAR",36429
2022-08-16,"BSAS_LINEA_203",121785
2022-08-16,"BSAS_LINEA_501G",149592
2022-08-16,"FFCC ROCA",480439
2022-08-16,"FFCC SAR",263985
2022-08-17,"BSAS_LINEA_203",111515
2022-08-17,"BSAS_LINEA_501G",147728
2022-08-17,"FFCC ROCA",434998
2022-08-17,"FFCC SAR",253668
2022-08-18,"BSAS_LINEA_203",126900
2022-08-18,"BSAS_LINEA_501G",151274
2022-08-18,"FFCC ROCA",240960
2022-08-18,"FFCC SAR",262604
2022-08-19,"BSAS_LINEA_203",113947
2022-08-19,"BSAS_LINEA_501G",148603
2022-08-19,"FFCC ROCA",472880
2022-08-19,"FFCC SAR",273772
2022-08-20,"BSAS_LINEA_203",85937
2022-08-20,"BSAS_LINEA_501G",108580
2022-08-20,"FFCC ROCA",166814
2022-08-20,"FFCC SAR",111475
2022-08-21,"BSAS_LINEA_203",61584
2022-08-21,"BSAS_LINEA_501G",65719
2022-08-21,"FFCC ROCA",41181
2022-08-21,"FFCC SAR",38419
2022-08-22,"BSAS_LINEA_203",105841
2022-08-22,"BSAS_LINEA_501G",144265
2022-08-22,"FFCC ROCA",448436
2022-08-22,"FFCC SAR",213984
2022-08-23,"BSAS_LINEA_203",106122
2022-08-23,"BSAS_LINEA_501G",150275
2022-08-23,"FFCC ROCA",471271
2022-08-23,"FFCC SAR",256984
2022-08-24,"BSAS_LINEA_203",108328
2022-08-24,"BSAS_LINEA_501G",148334
2022-08-24,"FFCC ROCA",470239
2022-08-24,"FFCC SAR",17
2022-08-25,"BSAS_LINEA_203",103065
2022-08-25,"BSAS_LINEA_501G",148055
2022-08-25,"FFCC ROCA",458279
2022-08-25,"FFCC SAR",254612
2022-08-26,"BSAS_LINEA_203",106034
2022-08-26,"BSAS_LINEA_501G",156047
2022-08-26,"FFCC ROCA",487417
2022-08-26,"FFCC SAR",265058
2022-08-27,"BSAS_LINEA_203",85105
2022-08-27,"BSAS_LINEA_501G",94320
2022-08-27,"FFCC ROCA",241592
2022-08-27,"FFCC SAR",126291
2022-08-28,"BSAS_LINEA_203",63362
2022-08-28,"BSAS_LINEA_501G",64523
2022-08-28,"FFCC ROCA",108609
2022-08-28,"FFCC SAR",29952
2022-08-29,"BSAS_LINEA_203",114608
2022-08-29,"BSAS_LINEA_501G",141564
2022-08-29,"FFCC ROCA",482959
2022-08-29,"FFCC SAR",252266
2022-08-30,"BSAS_LINEA_203",114780
2022-08-30,"BSAS_LINEA_501G",146200
2022-08-30,"FFCC ROCA",485505
2022-08-30,"FFCC SAR",260607
2022-08-31,"BSAS_LINEA_203",116303
2022-08-31,"BSAS_LINEA_501G",144528
2022-08-31,"FFCC ROCA",490522
2022-08-31,"FFCC SAR",255172
2022-09-01,"BSAS_LINEA_203",109325
2022-09-01,"BSAS_LINEA_501G",129029
2022-09-01,"FFCC ROCA",458269
2022-09-01,"FFCC SAR",251909
2022-09-02,"BSAS_LINEA_203",90601
2022-09-02,"BSAS_LINEA_501G",82415
2022-09-02,"FFCC ROCA",232007
2022-09-02,"FFCC SAR",49159
2022-09-03,"BSAS_LINEA_203",95199
2022-09-03,"BSAS_LINEA_501G",109656
2022-09-03,"FFCC ROCA",278300
2022-09-03,"FFCC SAR",148563
2022-09-04,"BSAS_LINEA_203",65456
2022-09-04,"BSAS_LINEA_501G",66962
2022-09-04,"FFCC ROCA",113505
2022-09-04,"FFCC SAR",21325
2022-09-05,"BSAS_LINEA_203",118871
2022-09-05,"BSAS_LINEA_501G",148262
2022-09-05,"FFCC ROCA",480993
2022-09-05,"FFCC SAR",242593
2022-09-06,"BSAS_LINEA_203",119281
2022-09-06,"BSAS_LINEA_501G",157695
2022-09-06,"FFCC ROCA",495581
2022-09-06,"FFCC SAR",246524
2022-09-07,"BSAS_LINEA_203",122049
2022-09-07,"BSAS_LINEA_501G",149495
2022-09-07,"FFCC ROCA",484822
2022-09-07,"FFCC SAR",280221
2022-09-08,"BSAS_LINEA_203",114464
2022-09-08,"BSAS_LINEA_501G",152179
2022-09-08,"FFCC ROCA",473338
2022-09-08,"FFCC SAR",266605
2022-09-09,"BSAS_LINEA_203",115326
2022-09-09,"BSAS_LINEA_501G",148113
2022-09-09,"FFCC ROCA",467143
2022-09-09,"FFCC SAR",272157
2022-09-10,"BSAS_LINEA_203",93327
2022-09-10,"BSAS_LINEA_501G",111104
2022-09-10,"FFCC ROCA",291149
2022-09-10,"FFCC SAR",151688
2022-09-11,"BSAS_LINEA_203",64030
2022-09-11,"BSAS_LINEA_501G",64667
2022-09-11,"FFCC ROCA",113122
2022-09-11,"FFCC SAR",36345
2022-09-12,"BSAS_LINEA_203",115727
2022-09-12,"BSAS_LINEA_501G",140326
2022-09-12,"FFCC ROCA",477581
2022-09-12,"FFCC SAR",265663
2022-09-13,"BSAS_LINEA_203",120505
2022-09-13,"BSAS_LINEA_501G",153629
2022-09-13,"FFCC ROCA",465207
2022-09-13,"FFCC SAR",232254
2022-09-14,"BSAS_LINEA_203",121795
2022-09-14,"BSAS_LINEA_501G",160707
2022-09-14,"FFCC ROCA",490392
2022-09-14,"FFCC SAR",265756
2022-09-15,"BSAS_LINEA_203",119103
2022-09-15,"BSAS_LINEA_501G",156751
2022-09-15,"FFCC ROCA",498267
2022-09-15,"FFCC SAR",260763
2022-09-16,"BSAS_LINEA_203",123445
2022-09-16,"BSAS_LINEA_501G",161975
2022-09-16,"FFCC ROCA",507430
2022-09-16,"FFCC SAR",276063
2022-09-17,"BSAS_LINEA_203",91568
2022-09-17,"BSAS_LINEA_501G",110029
2022-09-17,"FFCC ROCA",299535
2022-09-17,"FFCC SAR",136273
2022-09-18,"BSAS_LINEA_203",60076
2022-09-18,"BSAS_LINEA_501G",63425
2022-09-18,"FFCC ROCA",108608
2022-09-18,"FFCC SAR",33989
2022-09-19,"BSAS_LINEA_203",114345
2022-09-19,"BSAS_LINEA_501G",147948
2022-09-19,"FFCC ROCA",476335
2022-09-19,"FFCC SAR",247782
2022-09-20,"BSAS_LINEA_203",117683
2022-09-20,"BSAS_LINEA_501G",160264
2022-09-20,"FFCC ROCA",466916
2022-09-20,"FFCC SAR",271426
2022-09-21,"BSAS_LINEA_203",114196
2022-09-21,"BSAS_LINEA_501G",145538
2022-09-21,"FFCC ROCA",449733
2022-09-21,"FFCC SAR",253441
2022-09-22,"BSAS_LINEA_203",116275
2022-09-22,"BSAS_LINEA_501G",140830
2022-09-22,"FFCC ROCA",467977
2022-09-22,"FFCC SAR",260779
2022-09-23,"BSAS_LINEA_203",119332
2022-09-23,"BSAS_LINEA_501G",120726
2022-09-23,"FFCC ROCA",488280
2022-09-23,"FFCC SAR",240245
